--
-- PostgreSQL database dump
--

\restrict yg8yceZhcpmJ09eGWtgPaxbHV21LTfzAgwBZmP9CiWFpX2ktbXMuia74Y5FyYlq

-- Dumped from database version 16.13 (Debian 16.13-1.pgdg13+1)
-- Dumped by pg_dump version 17.6

SET statement_timeout = 0;
SET lock_timeout = 0;
SET idle_in_transaction_session_timeout = 0;
SET transaction_timeout = 0;
SET client_encoding = 'UTF8';
SET standard_conforming_strings = on;
SELECT pg_catalog.set_config('search_path', '', false);
SET check_function_bodies = false;
SET xmloption = content;
SET client_min_messages = warning;
SET row_security = off;

SET default_tablespace = '';

SET default_table_access_method = heap;

--
-- Name: annonce; Type: TABLE; Schema: public; Owner: postgres
--

CREATE TABLE public.annonce (
    id_annonce bigint NOT NULL,
    titre character varying(255) NOT NULL,
    contenu text NOT NULL,
    date_pub timestamp without time zone DEFAULT CURRENT_TIMESTAMP,
    id_auteur bigint,
    date_expiration timestamp(6) without time zone,
    date_publication timestamp(6) without time zone,
    image_url character varying(255),
    is_pinned boolean NOT NULL,
    type_annonce character varying(255),
    attachment_url character varying(255),
    priority character varying(255),
    status character varying(255),
    target_type character varying(255),
    target_value text
);


ALTER TABLE public.annonce OWNER TO postgres;

--
-- Name: annonce_id_annonce_seq; Type: SEQUENCE; Schema: public; Owner: postgres
--

CREATE SEQUENCE public.annonce_id_annonce_seq
    AS integer
    START WITH 1
    INCREMENT BY 1
    NO MINVALUE
    NO MAXVALUE
    CACHE 1;


ALTER SEQUENCE public.annonce_id_annonce_seq OWNER TO postgres;

--
-- Name: annonce_id_annonce_seq; Type: SEQUENCE OWNED BY; Schema: public; Owner: postgres
--

ALTER SEQUENCE public.annonce_id_annonce_seq OWNED BY public.annonce.id_annonce;


--
-- Name: annonce_lecture; Type: TABLE; Schema: public; Owner: postgres
--

CREATE TABLE public.annonce_lecture (
    id_lecture bigint NOT NULL,
    date_lecture timestamp(6) without time zone,
    id_annonce bigint NOT NULL,
    id_utilisateur bigint NOT NULL
);


ALTER TABLE public.annonce_lecture OWNER TO postgres;

--
-- Name: annonce_lecture_id_lecture_seq; Type: SEQUENCE; Schema: public; Owner: postgres
--

ALTER TABLE public.annonce_lecture ALTER COLUMN id_lecture ADD GENERATED BY DEFAULT AS IDENTITY (
    SEQUENCE NAME public.annonce_lecture_id_lecture_seq
    START WITH 1
    INCREMENT BY 1
    NO MINVALUE
    NO MAXVALUE
    CACHE 1
);


--
-- Name: annonce_tag; Type: TABLE; Schema: public; Owner: postgres
--

CREATE TABLE public.annonce_tag (
    id_annonce integer NOT NULL,
    id_tag integer NOT NULL
);


ALTER TABLE public.annonce_tag OWNER TO postgres;

--
-- Name: audit_log; Type: TABLE; Schema: public; Owner: postgres
--

CREATE TABLE public.audit_log (
    id_log bigint NOT NULL,
    auteur character varying(255),
    description character varying(500),
    "timestamp" timestamp(6) without time zone NOT NULL,
    type_action character varying(255) NOT NULL,
    result character varying(255),
    role character varying(255),
    target_entity character varying(255)
);


ALTER TABLE public.audit_log OWNER TO postgres;

--
-- Name: audit_log_id_log_seq; Type: SEQUENCE; Schema: public; Owner: postgres
--

ALTER TABLE public.audit_log ALTER COLUMN id_log ADD GENERATED BY DEFAULT AS IDENTITY (
    SEQUENCE NAME public.audit_log_id_log_seq
    START WITH 1
    INCREMENT BY 1
    NO MINVALUE
    NO MAXVALUE
    CACHE 1
);


--
-- Name: bon_de_sortie; Type: TABLE; Schema: public; Owner: postgres
--

CREATE TABLE public.bon_de_sortie (
    id bigint NOT NULL,
    duree_estimee_heures integer,
    heure_retour_reelle timestamp(6) without time zone,
    heure_sortie_estimee timestamp(6) without time zone,
    heure_sortie_reelle timestamp(6) without time zone,
    statut character varying(255),
    token_qr character varying(255) NOT NULL,
    demandeur_id bigint NOT NULL,
    motif character varying(255),
    heure_debut_autorisee character varying(255),
    heure_fin_autorisee character varying(255),
    id_requete_origine bigint
);


ALTER TABLE public.bon_de_sortie OWNER TO postgres;

--
-- Name: bon_de_sortie_id_seq; Type: SEQUENCE; Schema: public; Owner: postgres
--

ALTER TABLE public.bon_de_sortie ALTER COLUMN id ADD GENERATED BY DEFAULT AS IDENTITY (
    SEQUENCE NAME public.bon_de_sortie_id_seq
    START WITH 1
    INCREMENT BY 1
    NO MINVALUE
    NO MAXVALUE
    CACHE 1
);


--
-- Name: bon_sortie; Type: TABLE; Schema: public; Owner: postgres
--

CREATE TABLE public.bon_sortie (
    id_requete integer NOT NULL,
    heure_prevue time without time zone NOT NULL,
    motif text NOT NULL
);


ALTER TABLE public.bon_sortie OWNER TO postgres;

--
-- Name: bulletin_paie; Type: TABLE; Schema: public; Owner: postgres
--

CREATE TABLE public.bulletin_paie (
    id bigint NOT NULL,
    annee integer NOT NULL,
    date_generation timestamp(6) without time zone,
    irg double precision NOT NULL,
    mois integer NOT NULL,
    net_a_payer double precision,
    primes double precision NOT NULL,
    retenues_ss double precision,
    salaire_base double precision,
    id_user bigint NOT NULL,
    autres_primes double precision NOT NULL,
    iep double precision NOT NULL,
    netapayer double precision NOT NULL,
    prime_panier double precision NOT NULL,
    prime_transport double precision NOT NULL,
    retenuecnas double precision NOT NULL,
    salaire_brut double precision NOT NULL,
    date_consultation timestamp(6) without time zone,
    date_publication timestamp(6) without time zone,
    is_downloaded boolean NOT NULL
);


ALTER TABLE public.bulletin_paie OWNER TO postgres;

--
-- Name: bulletin_paie_id_seq; Type: SEQUENCE; Schema: public; Owner: postgres
--

ALTER TABLE public.bulletin_paie ALTER COLUMN id ADD GENERATED BY DEFAULT AS IDENTITY (
    SEQUENCE NAME public.bulletin_paie_id_seq
    START WITH 1
    INCREMENT BY 1
    NO MINVALUE
    NO MAXVALUE
    CACHE 1
);


--
-- Name: connection_log; Type: TABLE; Schema: public; Owner: postgres
--

CREATE TABLE public.connection_log (
    id bigint NOT NULL,
    ip_address character varying(255),
    matricule character varying(255) NOT NULL,
    result character varying(255) NOT NULL,
    "timestamp" timestamp(6) without time zone NOT NULL,
    user_agent character varying(255)
);


ALTER TABLE public.connection_log OWNER TO postgres;

--
-- Name: connection_log_id_seq; Type: SEQUENCE; Schema: public; Owner: postgres
--

ALTER TABLE public.connection_log ALTER COLUMN id ADD GENERATED BY DEFAULT AS IDENTITY (
    SEQUENCE NAME public.connection_log_id_seq
    START WITH 1
    INCREMENT BY 1
    NO MINVALUE
    NO MAXVALUE
    CACHE 1
);


--
-- Name: demande_administrative; Type: TABLE; Schema: public; Owner: postgres
--

CREATE TABLE public.demande_administrative (
    details_supplementaires character varying(255),
    nouveau_statut_marital character varying(255),
    nouveau_telephone character varying(255),
    nouvelle_adresse character varying(255),
    type_demande character varying(255),
    id_requete bigint NOT NULL,
    nouvelles_donnees_json text
);


ALTER TABLE public.demande_administrative OWNER TO postgres;

--
-- Name: demande_conge; Type: TABLE; Schema: public; Owner: postgres
--

CREATE TABLE public.demande_conge (
    id_requete bigint NOT NULL,
    date_debut date NOT NULL,
    date_fin date NOT NULL,
    id_type_conge bigint,
    motif character varying(255)
);


ALTER TABLE public.demande_conge OWNER TO postgres;

--
-- Name: demande_doc; Type: TABLE; Schema: public; Owner: postgres
--

CREATE TABLE public.demande_doc (
    id_requete integer NOT NULL,
    type_document character varying(100) NOT NULL,
    id_fichier_genere integer
);


ALTER TABLE public.demande_doc OWNER TO postgres;

--
-- Name: demande_document; Type: TABLE; Schema: public; Owner: postgres
--

CREATE TABLE public.demande_document (
    type_document character varying(100) NOT NULL,
    id_requete bigint NOT NULL,
    annee integer,
    mois integer,
    heure_debut character varying(10),
    heure_fin character varying(10)
);


ALTER TABLE public.demande_document OWNER TO postgres;

--
-- Name: demande_regularisation; Type: TABLE; Schema: public; Owner: postgres
--

CREATE TABLE public.demande_regularisation (
    heure_proposee timestamp(6) without time zone,
    motif_regularisation text,
    type_regularisation character varying(255),
    id_requete bigint NOT NULL,
    id_pointage bigint NOT NULL
);


ALTER TABLE public.demande_regularisation OWNER TO postgres;

--
-- Name: departement; Type: TABLE; Schema: public; Owner: postgres
--

CREATE TABLE public.departement (
    id_dept bigint NOT NULL,
    nom_dept character varying(100) NOT NULL,
    id_manager bigint
);


ALTER TABLE public.departement OWNER TO postgres;

--
-- Name: departement_id_dept_seq; Type: SEQUENCE; Schema: public; Owner: postgres
--

CREATE SEQUENCE public.departement_id_dept_seq
    AS integer
    START WITH 1
    INCREMENT BY 1
    NO MINVALUE
    NO MAXVALUE
    CACHE 1;


ALTER SEQUENCE public.departement_id_dept_seq OWNER TO postgres;

--
-- Name: departement_id_dept_seq; Type: SEQUENCE OWNED BY; Schema: public; Owner: postgres
--

ALTER SEQUENCE public.departement_id_dept_seq OWNED BY public.departement.id_dept;


--
-- Name: document_entreprise; Type: TABLE; Schema: public; Owner: postgres
--

CREATE TABLE public.document_entreprise (
    id bigint NOT NULL,
    categorie character varying(255),
    date_publication timestamp(6) without time zone,
    description character varying(255),
    file_url character varying(255),
    is_public boolean NOT NULL,
    titre character varying(255),
    version character varying(255),
    content oid
);


ALTER TABLE public.document_entreprise OWNER TO postgres;

--
-- Name: document_entreprise_id_seq; Type: SEQUENCE; Schema: public; Owner: postgres
--

ALTER TABLE public.document_entreprise ALTER COLUMN id ADD GENERATED BY DEFAULT AS IDENTITY (
    SEQUENCE NAME public.document_entreprise_id_seq
    START WITH 1
    INCREMENT BY 1
    NO MINVALUE
    NO MAXVALUE
    CACHE 1
);


--
-- Name: document_template; Type: TABLE; Schema: public; Owner: postgres
--

CREATE TABLE public.document_template (
    id bigint NOT NULL,
    description character varying(255),
    file_url character varying(255),
    mapping_json text,
    nom character varying(255),
    type_document character varying(255),
    active boolean NOT NULL,
    categorie character varying(255)
);


ALTER TABLE public.document_template OWNER TO postgres;

--
-- Name: document_template_id_seq; Type: SEQUENCE; Schema: public; Owner: postgres
--

ALTER TABLE public.document_template ALTER COLUMN id ADD GENERATED BY DEFAULT AS IDENTITY (
    SEQUENCE NAME public.document_template_id_seq
    START WITH 1
    INCREMENT BY 1
    NO MINVALUE
    NO MAXVALUE
    CACHE 1
);


--
-- Name: email_config; Type: TABLE; Schema: public; Owner: postgres
--

CREATE TABLE public.email_config (
    id bigint NOT NULL,
    entreprise_nom character varying(255),
    smtp_host character varying(255),
    smtp_pass character varying(255),
    smtp_port integer NOT NULL,
    smtp_secure boolean NOT NULL,
    smtp_user character varying(255),
    url_connexion character varying(255),
    welcome_email_body text,
    welcome_email_subject character varying(255)
);


ALTER TABLE public.email_config OWNER TO postgres;

--
-- Name: email_config_id_seq; Type: SEQUENCE; Schema: public; Owner: postgres
--

ALTER TABLE public.email_config ALTER COLUMN id ADD GENERATED BY DEFAULT AS IDENTITY (
    SEQUENCE NAME public.email_config_id_seq
    START WITH 1
    INCREMENT BY 1
    NO MINVALUE
    NO MAXVALUE
    CACHE 1
);


--
-- Name: etape_validation; Type: TABLE; Schema: public; Owner: postgres
--

CREATE TABLE public.etape_validation (
    id_etape integer NOT NULL,
    niveau integer NOT NULL,
    decision_prise character varying(50),
    commentaire_refus text,
    date_traitement timestamp without time zone,
    id_requete integer,
    id_validateur integer
);


ALTER TABLE public.etape_validation OWNER TO postgres;

--
-- Name: etape_validation_id_etape_seq; Type: SEQUENCE; Schema: public; Owner: postgres
--

CREATE SEQUENCE public.etape_validation_id_etape_seq
    AS integer
    START WITH 1
    INCREMENT BY 1
    NO MINVALUE
    NO MAXVALUE
    CACHE 1;


ALTER SEQUENCE public.etape_validation_id_etape_seq OWNER TO postgres;

--
-- Name: etape_validation_id_etape_seq; Type: SEQUENCE OWNED BY; Schema: public; Owner: postgres
--

ALTER SEQUENCE public.etape_validation_id_etape_seq OWNED BY public.etape_validation.id_etape;


--
-- Name: fichier_attache; Type: TABLE; Schema: public; Owner: postgres
--

CREATE TABLE public.fichier_attache (
    id_fichier integer NOT NULL,
    chemin_url character varying(255) NOT NULL,
    type_mime character varying(50),
    taille_ko integer
);


ALTER TABLE public.fichier_attache OWNER TO postgres;

--
-- Name: fichier_attache_id_fichier_seq; Type: SEQUENCE; Schema: public; Owner: postgres
--

CREATE SEQUENCE public.fichier_attache_id_fichier_seq
    AS integer
    START WITH 1
    INCREMENT BY 1
    NO MINVALUE
    NO MAXVALUE
    CACHE 1;


ALTER SEQUENCE public.fichier_attache_id_fichier_seq OWNER TO postgres;

--
-- Name: fichier_attache_id_fichier_seq; Type: SEQUENCE OWNED BY; Schema: public; Owner: postgres
--

ALTER SEQUENCE public.fichier_attache_id_fichier_seq OWNED BY public.fichier_attache.id_fichier;


--
-- Name: historique_chatbot; Type: TABLE; Schema: public; Owner: postgres
--

CREATE TABLE public.historique_chatbot (
    id_chat integer NOT NULL,
    prompt_employe text NOT NULL,
    reponse_ia text NOT NULL,
    date_interaction timestamp without time zone DEFAULT CURRENT_TIMESTAMP,
    id_user integer
);


ALTER TABLE public.historique_chatbot OWNER TO postgres;

--
-- Name: historique_chatbot_id_chat_seq; Type: SEQUENCE; Schema: public; Owner: postgres
--

CREATE SEQUENCE public.historique_chatbot_id_chat_seq
    AS integer
    START WITH 1
    INCREMENT BY 1
    NO MINVALUE
    NO MAXVALUE
    CACHE 1;


ALTER SEQUENCE public.historique_chatbot_id_chat_seq OWNER TO postgres;

--
-- Name: historique_chatbot_id_chat_seq; Type: SEQUENCE OWNED BY; Schema: public; Owner: postgres
--

ALTER SEQUENCE public.historique_chatbot_id_chat_seq OWNED BY public.historique_chatbot.id_chat;


--
-- Name: jour_ferie; Type: TABLE; Schema: public; Owner: postgres
--

CREATE TABLE public.jour_ferie (
    id bigint NOT NULL,
    date date NOT NULL,
    is_recurrent boolean NOT NULL,
    nom character varying(255) NOT NULL
);


ALTER TABLE public.jour_ferie OWNER TO postgres;

--
-- Name: jour_ferie_id_seq; Type: SEQUENCE; Schema: public; Owner: postgres
--

ALTER TABLE public.jour_ferie ALTER COLUMN id ADD GENERATED BY DEFAULT AS IDENTITY (
    SEQUENCE NAME public.jour_ferie_id_seq
    START WITH 1
    INCREMENT BY 1
    NO MINVALUE
    NO MAXVALUE
    CACHE 1
);


--
-- Name: notification; Type: TABLE; Schema: public; Owner: postgres
--

CREATE TABLE public.notification (
    id_notification bigint NOT NULL,
    id_user bigint NOT NULL,
    is_read boolean NOT NULL,
    message character varying(500) NOT NULL,
    "timestamp" timestamp(6) without time zone NOT NULL
);


ALTER TABLE public.notification OWNER TO postgres;

--
-- Name: notification_id_notification_seq; Type: SEQUENCE; Schema: public; Owner: postgres
--

ALTER TABLE public.notification ALTER COLUMN id_notification ADD GENERATED BY DEFAULT AS IDENTITY (
    SEQUENCE NAME public.notification_id_notification_seq
    START WITH 1
    INCREMENT BY 1
    NO MINVALUE
    NO MAXVALUE
    CACHE 1
);


--
-- Name: pointage; Type: TABLE; Schema: public; Owner: postgres
--

CREATE TABLE public.pointage (
    id_pointage bigint NOT NULL,
    date_jour date,
    heure_entree time without time zone,
    heure_sortie time without time zone,
    statut_presence character varying(50),
    id_user integer,
    statut character varying(255),
    id_utilisateur bigint NOT NULL,
    date_modification timestamp(6) without time zone,
    horodatage timestamp(6) without time zone,
    latitude double precision,
    longitude double precision,
    methode character varying(255),
    modification_reason character varying(255),
    modified_by character varying(255),
    type_pointage character varying(255),
    is_modified_manually boolean
);


ALTER TABLE public.pointage OWNER TO postgres;

--
-- Name: pointage_id_pointage_seq; Type: SEQUENCE; Schema: public; Owner: postgres
--

CREATE SEQUENCE public.pointage_id_pointage_seq
    AS integer
    START WITH 1
    INCREMENT BY 1
    NO MINVALUE
    NO MAXVALUE
    CACHE 1;


ALTER SEQUENCE public.pointage_id_pointage_seq OWNER TO postgres;

--
-- Name: pointage_id_pointage_seq; Type: SEQUENCE OWNED BY; Schema: public; Owner: postgres
--

ALTER SEQUENCE public.pointage_id_pointage_seq OWNED BY public.pointage.id_pointage;


--
-- Name: poste; Type: TABLE; Schema: public; Owner: postgres
--

CREATE TABLE public.poste (
    id_poste bigint NOT NULL,
    titre_poste character varying(255) NOT NULL,
    effectif_minimum integer DEFAULT 1 NOT NULL,
    description character varying(500),
    titre character varying(100) NOT NULL,
    id_dept bigint
);


ALTER TABLE public.poste OWNER TO postgres;

--
-- Name: poste_id_poste_seq; Type: SEQUENCE; Schema: public; Owner: postgres
--

CREATE SEQUENCE public.poste_id_poste_seq
    AS integer
    START WITH 1
    INCREMENT BY 1
    NO MINVALUE
    NO MAXVALUE
    CACHE 1;


ALTER SEQUENCE public.poste_id_poste_seq OWNER TO postgres;

--
-- Name: poste_id_poste_seq; Type: SEQUENCE OWNED BY; Schema: public; Owner: postgres
--

ALTER SEQUENCE public.poste_id_poste_seq OWNED BY public.poste.id_poste;


--
-- Name: privilege; Type: TABLE; Schema: public; Owner: postgres
--

CREATE TABLE public.privilege (
    id_privilege integer NOT NULL,
    nom_privilege character varying(50) NOT NULL
);


ALTER TABLE public.privilege OWNER TO postgres;

--
-- Name: privilege_id_privilege_seq; Type: SEQUENCE; Schema: public; Owner: postgres
--

CREATE SEQUENCE public.privilege_id_privilege_seq
    AS integer
    START WITH 1
    INCREMENT BY 1
    NO MINVALUE
    NO MAXVALUE
    CACHE 1;


ALTER SEQUENCE public.privilege_id_privilege_seq OWNER TO postgres;

--
-- Name: privilege_id_privilege_seq; Type: SEQUENCE OWNED BY; Schema: public; Owner: postgres
--

ALTER SEQUENCE public.privilege_id_privilege_seq OWNED BY public.privilege.id_privilege;


--
-- Name: profil_rh; Type: TABLE; Schema: public; Owner: postgres
--

CREATE TABLE public.profil_rh (
    id_profil integer NOT NULL,
    nom character varying(100) NOT NULL,
    prenom character varying(100) NOT NULL,
    date_embauche date NOT NULL,
    id_user integer,
    id_dept integer,
    id_poste integer
);


ALTER TABLE public.profil_rh OWNER TO postgres;

--
-- Name: profil_rh_id_profil_seq; Type: SEQUENCE; Schema: public; Owner: postgres
--

CREATE SEQUENCE public.profil_rh_id_profil_seq
    AS integer
    START WITH 1
    INCREMENT BY 1
    NO MINVALUE
    NO MAXVALUE
    CACHE 1;


ALTER SEQUENCE public.profil_rh_id_profil_seq OWNER TO postgres;

--
-- Name: profil_rh_id_profil_seq; Type: SEQUENCE OWNED BY; Schema: public; Owner: postgres
--

ALTER SEQUENCE public.profil_rh_id_profil_seq OWNED BY public.profil_rh.id_profil;


--
-- Name: requete; Type: TABLE; Schema: public; Owner: postgres
--

CREATE TABLE public.requete (
    id_requete bigint NOT NULL,
    local_sync_uuid character varying(50),
    statut_cycle_vie character varying(255) DEFAULT 'BROUILLON'::character varying NOT NULL,
    date_soumission timestamp without time zone DEFAULT CURRENT_TIMESTAMP,
    id_user bigint,
    commentaire_action character varying(500),
    description character varying(255),
    last_nudged_at timestamp(6) without time zone,
    is_urgent boolean NOT NULL,
    nudge_count integer NOT NULL,
    commentaire_manager character varying(500),
    date_action_manager timestamp(6) without time zone,
    date_arrivee_rh timestamp(6) without time zone,
    justificatif_url character varying(255),
    nom_manager_action character varying(255),
    current_step_index integer
);


ALTER TABLE public.requete OWNER TO postgres;

--
-- Name: requete_id_requete_seq; Type: SEQUENCE; Schema: public; Owner: postgres
--

CREATE SEQUENCE public.requete_id_requete_seq
    AS integer
    START WITH 1
    INCREMENT BY 1
    NO MINVALUE
    NO MAXVALUE
    CACHE 1;


ALTER SEQUENCE public.requete_id_requete_seq OWNER TO postgres;

--
-- Name: requete_id_requete_seq; Type: SEQUENCE OWNED BY; Schema: public; Owner: postgres
--

ALTER SEQUENCE public.requete_id_requete_seq OWNED BY public.requete.id_requete;


--
-- Name: role; Type: TABLE; Schema: public; Owner: postgres
--

CREATE TABLE public.role (
    id_role bigint NOT NULL,
    nom_role character varying(50) NOT NULL
);


ALTER TABLE public.role OWNER TO postgres;

--
-- Name: role_id_role_seq; Type: SEQUENCE; Schema: public; Owner: postgres
--

CREATE SEQUENCE public.role_id_role_seq
    AS integer
    START WITH 1
    INCREMENT BY 1
    NO MINVALUE
    NO MAXVALUE
    CACHE 1;


ALTER SEQUENCE public.role_id_role_seq OWNER TO postgres;

--
-- Name: role_id_role_seq; Type: SEQUENCE OWNED BY; Schema: public; Owner: postgres
--

ALTER SEQUENCE public.role_id_role_seq OWNED BY public.role.id_role;


--
-- Name: role_privilege; Type: TABLE; Schema: public; Owner: postgres
--

CREATE TABLE public.role_privilege (
    id_role integer NOT NULL,
    id_privilege integer NOT NULL
);


ALTER TABLE public.role_privilege OWNER TO postgres;

--
-- Name: site; Type: TABLE; Schema: public; Owner: postgres
--

CREATE TABLE public.site (
    id_site bigint NOT NULL,
    adresse character varying(255),
    nom_site character varying(100) NOT NULL,
    ville character varying(255)
);


ALTER TABLE public.site OWNER TO postgres;

--
-- Name: site_id_site_seq; Type: SEQUENCE; Schema: public; Owner: postgres
--

ALTER TABLE public.site ALTER COLUMN id_site ADD GENERATED BY DEFAULT AS IDENTITY (
    SEQUENCE NAME public.site_id_site_seq
    START WITH 1
    INCREMENT BY 1
    NO MINVALUE
    NO MAXVALUE
    CACHE 1
);


--
-- Name: solde_conge; Type: TABLE; Schema: public; Owner: postgres
--

CREATE TABLE public.solde_conge (
    id_solde integer NOT NULL,
    jours_restants double precision DEFAULT 0.0 NOT NULL,
    heures_recup double precision DEFAULT 0.0 NOT NULL,
    id_user integer,
    id_type_conge integer
);


ALTER TABLE public.solde_conge OWNER TO postgres;

--
-- Name: solde_conge_id_solde_seq; Type: SEQUENCE; Schema: public; Owner: postgres
--

CREATE SEQUENCE public.solde_conge_id_solde_seq
    AS integer
    START WITH 1
    INCREMENT BY 1
    NO MINVALUE
    NO MAXVALUE
    CACHE 1;


ALTER SEQUENCE public.solde_conge_id_solde_seq OWNER TO postgres;

--
-- Name: solde_conge_id_solde_seq; Type: SEQUENCE OWNED BY; Schema: public; Owner: postgres
--

ALTER SEQUENCE public.solde_conge_id_solde_seq OWNED BY public.solde_conge.id_solde;


--
-- Name: system_config; Type: TABLE; Schema: public; Owner: postgres
--

CREATE TABLE public.system_config (
    id_config bigint NOT NULL,
    company_name character varying(255),
    last_backup_date timestamp(6) without time zone,
    maintenance_mode boolean,
    working_hours_end character varying(255),
    working_hours_start character varying(255),
    cachet_entreprise_url character varying(255),
    drh_signature_url character varying(255),
    tolerance_minutes integer NOT NULL,
    urgency_delay_hours integer NOT NULL,
    signature_placement character varying(255),
    signature_x real DEFAULT 400,
    signature_y real DEFAULT 100,
    stamp_x real DEFAULT 100,
    stamp_y real DEFAULT 100,
    description character varying(255),
    config_value character varying(2000),
    id bigint NOT NULL,
    lockout_duration_minutes integer,
    max_failed_attempts integer,
    qr_code_lifetime_minutes integer
);


ALTER TABLE public.system_config OWNER TO postgres;

--
-- Name: system_config_id_config_seq; Type: SEQUENCE; Schema: public; Owner: postgres
--

ALTER TABLE public.system_config ALTER COLUMN id_config ADD GENERATED BY DEFAULT AS IDENTITY (
    SEQUENCE NAME public.system_config_id_config_seq
    START WITH 1
    INCREMENT BY 1
    NO MINVALUE
    NO MAXVALUE
    CACHE 1
);


--
-- Name: system_config_id_seq; Type: SEQUENCE; Schema: public; Owner: postgres
--

ALTER TABLE public.system_config ALTER COLUMN id ADD GENERATED BY DEFAULT AS IDENTITY (
    SEQUENCE NAME public.system_config_id_seq
    START WITH 1
    INCREMENT BY 1
    NO MINVALUE
    NO MAXVALUE
    CACHE 1
);


--
-- Name: tag; Type: TABLE; Schema: public; Owner: postgres
--

CREATE TABLE public.tag (
    id_tag integer NOT NULL,
    nom_tag character varying(50) NOT NULL
);


ALTER TABLE public.tag OWNER TO postgres;

--
-- Name: tag_id_tag_seq; Type: SEQUENCE; Schema: public; Owner: postgres
--

CREATE SEQUENCE public.tag_id_tag_seq
    AS integer
    START WITH 1
    INCREMENT BY 1
    NO MINVALUE
    NO MAXVALUE
    CACHE 1;


ALTER SEQUENCE public.tag_id_tag_seq OWNER TO postgres;

--
-- Name: tag_id_tag_seq; Type: SEQUENCE OWNED BY; Schema: public; Owner: postgres
--

ALTER SEQUENCE public.tag_id_tag_seq OWNED BY public.tag.id_tag;


--
-- Name: terminal; Type: TABLE; Schema: public; Owner: postgres
--

CREATE TABLE public.terminal (
    id bigint NOT NULL,
    created_at timestamp(6) without time zone,
    last_activity timestamp(6) without time zone,
    model character varying(255) NOT NULL,
    status character varying(255) NOT NULL,
    terminal_id character varying(255) NOT NULL,
    assigned_user_id bigint
);


ALTER TABLE public.terminal OWNER TO postgres;

--
-- Name: terminal_id_seq; Type: SEQUENCE; Schema: public; Owner: postgres
--

ALTER TABLE public.terminal ALTER COLUMN id ADD GENERATED BY DEFAULT AS IDENTITY (
    SEQUENCE NAME public.terminal_id_seq
    START WITH 1
    INCREMENT BY 1
    NO MINVALUE
    NO MAXVALUE
    CACHE 1
);


--
-- Name: ticket_rh; Type: TABLE; Schema: public; Owner: postgres
--

CREATE TABLE public.ticket_rh (
    id_ticket integer NOT NULL,
    sujet character varying(200) NOT NULL,
    message_confidentiel text NOT NULL,
    statut_resolution character varying(50) DEFAULT 'OUVERT'::character varying,
    id_user integer,
    id_fichier_preuve integer
);


ALTER TABLE public.ticket_rh OWNER TO postgres;

--
-- Name: ticket_rh_id_ticket_seq; Type: SEQUENCE; Schema: public; Owner: postgres
--

CREATE SEQUENCE public.ticket_rh_id_ticket_seq
    AS integer
    START WITH 1
    INCREMENT BY 1
    NO MINVALUE
    NO MAXVALUE
    CACHE 1;


ALTER SEQUENCE public.ticket_rh_id_ticket_seq OWNER TO postgres;

--
-- Name: ticket_rh_id_ticket_seq; Type: SEQUENCE OWNED BY; Schema: public; Owner: postgres
--

ALTER SEQUENCE public.ticket_rh_id_ticket_seq OWNED BY public.ticket_rh.id_ticket;


--
-- Name: type_conge; Type: TABLE; Schema: public; Owner: postgres
--

CREATE TABLE public.type_conge (
    id_type_conge bigint NOT NULL,
    couleur_hex character varying(7),
    description character varying(255),
    justificatif_obligatoire boolean,
    nom character varying(50) NOT NULL,
    quota_initial integer
);


ALTER TABLE public.type_conge OWNER TO postgres;

--
-- Name: type_conge_id_type_conge_seq; Type: SEQUENCE; Schema: public; Owner: postgres
--

CREATE SEQUENCE public.type_conge_id_type_conge_seq
    AS integer
    START WITH 1
    INCREMENT BY 1
    NO MINVALUE
    NO MAXVALUE
    CACHE 1;


ALTER SEQUENCE public.type_conge_id_type_conge_seq OWNER TO postgres;

--
-- Name: type_conge_id_type_conge_seq; Type: SEQUENCE OWNED BY; Schema: public; Owner: postgres
--

ALTER SEQUENCE public.type_conge_id_type_conge_seq OWNED BY public.type_conge.id_type_conge;


--
-- Name: utilisateur; Type: TABLE; Schema: public; Owner: postgres
--

CREATE TABLE public.utilisateur (
    id_user bigint NOT NULL,
    matricule character varying(20) NOT NULL,
    email character varying(100) NOT NULL,
    mot_de_passe character varying(255) NOT NULL,
    statut_compte character varying(30) DEFAULT 'ACTIF'::character varying,
    id_role bigint,
    departement character varying(255),
    nom character varying(255),
    prenom character varying(255),
    solde_conges double precision NOT NULL,
    telephone character varying(255),
    contact_urgence character varying(255),
    date_embauche date,
    date_naissance date,
    photo_url character varying(255),
    poste character varying(255),
    id_manager_direct bigint,
    must_change_password boolean,
    id_site bigint,
    activation_date date,
    password_reset_requested boolean,
    password_status character varying(20),
    failed_login_attempts integer,
    is_ghost_mode_active boolean,
    lockout_until timestamp(6) without time zone,
    temporary_password character varying(255)
);


ALTER TABLE public.utilisateur OWNER TO postgres;

--
-- Name: utilisateur_id_user_seq; Type: SEQUENCE; Schema: public; Owner: postgres
--

CREATE SEQUENCE public.utilisateur_id_user_seq
    AS integer
    START WITH 1
    INCREMENT BY 1
    NO MINVALUE
    NO MAXVALUE
    CACHE 1;


ALTER SEQUENCE public.utilisateur_id_user_seq OWNER TO postgres;

--
-- Name: utilisateur_id_user_seq; Type: SEQUENCE OWNED BY; Schema: public; Owner: postgres
--

ALTER SEQUENCE public.utilisateur_id_user_seq OWNED BY public.utilisateur.id_user;


--
-- Name: workflow_bypass_rule; Type: TABLE; Schema: public; Owner: postgres
--

CREATE TABLE public.workflow_bypass_rule (
    id_rule bigint NOT NULL,
    actif boolean NOT NULL,
    condition_type character varying(50) NOT NULL,
    etape_ignoree character varying(50) NOT NULL,
    nom character varying(100) NOT NULL,
    seuil_heures integer
);


ALTER TABLE public.workflow_bypass_rule OWNER TO postgres;

--
-- Name: workflow_bypass_rule_id_rule_seq; Type: SEQUENCE; Schema: public; Owner: postgres
--

ALTER TABLE public.workflow_bypass_rule ALTER COLUMN id_rule ADD GENERATED BY DEFAULT AS IDENTITY (
    SEQUENCE NAME public.workflow_bypass_rule_id_rule_seq
    START WITH 1
    INCREMENT BY 1
    NO MINVALUE
    NO MAXVALUE
    CACHE 1
);


--
-- Name: workflow_circuit; Type: TABLE; Schema: public; Owner: postgres
--

CREATE TABLE public.workflow_circuit (
    id_circuit bigint NOT NULL,
    actif boolean NOT NULL,
    description character varying(500),
    nom character varying(100) NOT NULL
);


ALTER TABLE public.workflow_circuit OWNER TO postgres;

--
-- Name: workflow_circuit_id_circuit_seq; Type: SEQUENCE; Schema: public; Owner: postgres
--

ALTER TABLE public.workflow_circuit ALTER COLUMN id_circuit ADD GENERATED BY DEFAULT AS IDENTITY (
    SEQUENCE NAME public.workflow_circuit_id_circuit_seq
    START WITH 1
    INCREMENT BY 1
    NO MINVALUE
    NO MAXVALUE
    CACHE 1
);


--
-- Name: workflow_definition; Type: TABLE; Schema: public; Owner: postgres
--

CREATE TABLE public.workflow_definition (
    id bigint NOT NULL,
    active boolean NOT NULL,
    description character varying(255),
    type_requete character varying(255) NOT NULL
);


ALTER TABLE public.workflow_definition OWNER TO postgres;

--
-- Name: workflow_definition_id_seq; Type: SEQUENCE; Schema: public; Owner: postgres
--

ALTER TABLE public.workflow_definition ALTER COLUMN id ADD GENERATED BY DEFAULT AS IDENTITY (
    SEQUENCE NAME public.workflow_definition_id_seq
    START WITH 1
    INCREMENT BY 1
    NO MINVALUE
    NO MAXVALUE
    CACHE 1
);


--
-- Name: workflow_delegation; Type: TABLE; Schema: public; Owner: postgres
--

CREATE TABLE public.workflow_delegation (
    id_delegation bigint NOT NULL,
    actif boolean NOT NULL,
    date_debut date NOT NULL,
    date_fin date NOT NULL,
    id_delegue bigint NOT NULL,
    id_titulaire bigint NOT NULL
);


ALTER TABLE public.workflow_delegation OWNER TO postgres;

--
-- Name: workflow_delegation_id_delegation_seq; Type: SEQUENCE; Schema: public; Owner: postgres
--

ALTER TABLE public.workflow_delegation ALTER COLUMN id_delegation ADD GENERATED BY DEFAULT AS IDENTITY (
    SEQUENCE NAME public.workflow_delegation_id_delegation_seq
    START WITH 1
    INCREMENT BY 1
    NO MINVALUE
    NO MAXVALUE
    CACHE 1
);


--
-- Name: workflow_etape; Type: TABLE; Schema: public; Owner: postgres
--

CREATE TABLE public.workflow_etape (
    id_etape bigint NOT NULL,
    action_expiration character varying(30),
    delai_heures integer NOT NULL,
    label character varying(150),
    optionnel boolean NOT NULL,
    ordre integer NOT NULL,
    role_validateur character varying(50) NOT NULL,
    id_circuit bigint NOT NULL
);


ALTER TABLE public.workflow_etape OWNER TO postgres;

--
-- Name: workflow_etape_id_etape_seq; Type: SEQUENCE; Schema: public; Owner: postgres
--

ALTER TABLE public.workflow_etape ALTER COLUMN id_etape ADD GENERATED BY DEFAULT AS IDENTITY (
    SEQUENCE NAME public.workflow_etape_id_etape_seq
    START WITH 1
    INCREMENT BY 1
    NO MINVALUE
    NO MAXVALUE
    CACHE 1
);


--
-- Name: workflow_mapping; Type: TABLE; Schema: public; Owner: postgres
--

CREATE TABLE public.workflow_mapping (
    id_mapping bigint NOT NULL,
    type_requete character varying(80) NOT NULL,
    id_circuit bigint NOT NULL
);


ALTER TABLE public.workflow_mapping OWNER TO postgres;

--
-- Name: workflow_mapping_id_mapping_seq; Type: SEQUENCE; Schema: public; Owner: postgres
--

ALTER TABLE public.workflow_mapping ALTER COLUMN id_mapping ADD GENERATED BY DEFAULT AS IDENTITY (
    SEQUENCE NAME public.workflow_mapping_id_mapping_seq
    START WITH 1
    INCREMENT BY 1
    NO MINVALUE
    NO MAXVALUE
    CACHE 1
);


--
-- Name: workflow_step; Type: TABLE; Schema: public; Owner: postgres
--

CREATE TABLE public.workflow_step (
    id bigint NOT NULL,
    action_expiration character varying(255),
    delai_heures integer NOT NULL,
    notification_demandeur boolean NOT NULL,
    optional boolean NOT NULL,
    ordre integer NOT NULL,
    role_validateur character varying(255) NOT NULL,
    id_workflow bigint
);


ALTER TABLE public.workflow_step OWNER TO postgres;

--
-- Name: workflow_step_id_seq; Type: SEQUENCE; Schema: public; Owner: postgres
--

ALTER TABLE public.workflow_step ALTER COLUMN id ADD GENERATED BY DEFAULT AS IDENTITY (
    SEQUENCE NAME public.workflow_step_id_seq
    START WITH 1
    INCREMENT BY 1
    NO MINVALUE
    NO MAXVALUE
    CACHE 1
);


--
-- Name: annonce id_annonce; Type: DEFAULT; Schema: public; Owner: postgres
--

ALTER TABLE ONLY public.annonce ALTER COLUMN id_annonce SET DEFAULT nextval('public.annonce_id_annonce_seq'::regclass);


--
-- Name: departement id_dept; Type: DEFAULT; Schema: public; Owner: postgres
--

ALTER TABLE ONLY public.departement ALTER COLUMN id_dept SET DEFAULT nextval('public.departement_id_dept_seq'::regclass);


--
-- Name: etape_validation id_etape; Type: DEFAULT; Schema: public; Owner: postgres
--

ALTER TABLE ONLY public.etape_validation ALTER COLUMN id_etape SET DEFAULT nextval('public.etape_validation_id_etape_seq'::regclass);


--
-- Name: fichier_attache id_fichier; Type: DEFAULT; Schema: public; Owner: postgres
--

ALTER TABLE ONLY public.fichier_attache ALTER COLUMN id_fichier SET DEFAULT nextval('public.fichier_attache_id_fichier_seq'::regclass);


--
-- Name: historique_chatbot id_chat; Type: DEFAULT; Schema: public; Owner: postgres
--

ALTER TABLE ONLY public.historique_chatbot ALTER COLUMN id_chat SET DEFAULT nextval('public.historique_chatbot_id_chat_seq'::regclass);


--
-- Name: pointage id_pointage; Type: DEFAULT; Schema: public; Owner: postgres
--

ALTER TABLE ONLY public.pointage ALTER COLUMN id_pointage SET DEFAULT nextval('public.pointage_id_pointage_seq'::regclass);


--
-- Name: poste id_poste; Type: DEFAULT; Schema: public; Owner: postgres
--

ALTER TABLE ONLY public.poste ALTER COLUMN id_poste SET DEFAULT nextval('public.poste_id_poste_seq'::regclass);


--
-- Name: privilege id_privilege; Type: DEFAULT; Schema: public; Owner: postgres
--

ALTER TABLE ONLY public.privilege ALTER COLUMN id_privilege SET DEFAULT nextval('public.privilege_id_privilege_seq'::regclass);


--
-- Name: profil_rh id_profil; Type: DEFAULT; Schema: public; Owner: postgres
--

ALTER TABLE ONLY public.profil_rh ALTER COLUMN id_profil SET DEFAULT nextval('public.profil_rh_id_profil_seq'::regclass);


--
-- Name: requete id_requete; Type: DEFAULT; Schema: public; Owner: postgres
--

ALTER TABLE ONLY public.requete ALTER COLUMN id_requete SET DEFAULT nextval('public.requete_id_requete_seq'::regclass);


--
-- Name: role id_role; Type: DEFAULT; Schema: public; Owner: postgres
--

ALTER TABLE ONLY public.role ALTER COLUMN id_role SET DEFAULT nextval('public.role_id_role_seq'::regclass);


--
-- Name: solde_conge id_solde; Type: DEFAULT; Schema: public; Owner: postgres
--

ALTER TABLE ONLY public.solde_conge ALTER COLUMN id_solde SET DEFAULT nextval('public.solde_conge_id_solde_seq'::regclass);


--
-- Name: tag id_tag; Type: DEFAULT; Schema: public; Owner: postgres
--

ALTER TABLE ONLY public.tag ALTER COLUMN id_tag SET DEFAULT nextval('public.tag_id_tag_seq'::regclass);


--
-- Name: ticket_rh id_ticket; Type: DEFAULT; Schema: public; Owner: postgres
--

ALTER TABLE ONLY public.ticket_rh ALTER COLUMN id_ticket SET DEFAULT nextval('public.ticket_rh_id_ticket_seq'::regclass);


--
-- Name: type_conge id_type_conge; Type: DEFAULT; Schema: public; Owner: postgres
--

ALTER TABLE ONLY public.type_conge ALTER COLUMN id_type_conge SET DEFAULT nextval('public.type_conge_id_type_conge_seq'::regclass);


--
-- Name: utilisateur id_user; Type: DEFAULT; Schema: public; Owner: postgres
--

ALTER TABLE ONLY public.utilisateur ALTER COLUMN id_user SET DEFAULT nextval('public.utilisateur_id_user_seq'::regclass);


--
-- Data for Name: annonce; Type: TABLE DATA; Schema: public; Owner: postgres
--

COPY public.annonce (id_annonce, titre, contenu, date_pub, id_auteur, date_expiration, date_publication, image_url, is_pinned, type_annonce, attachment_url, priority, status, target_type, target_value) FROM stdin;
1	TEST d4ANNONCEMENT NORMAL	CECI EST UN TEST D'ANNONCEMENT NORMAL SANS PIECE JOINTE	2026-04-24 16:17:39.3318	2	\N	2026-04-24 16:17:39.328652	\N	f	NEWS	\N	NORMAL	PUBLISHED	GENERAL	
2	TEST D'ANNONCEMENT URGENT	CECI est un TEST GLOBAL D'ANNONCEMENT URGENT sans fichier de pièce jointe	2026-04-24 16:25:48.553141	2	\N	2026-04-24 16:25:48.550873	\N	f	NEWS	\N	URGENT	PUBLISHED	GENERAL	
3	TEST NORMAL AVEC PJ	<h1>THIS</h1><h2>IS</h2><h3>A</h3><ul><li><strong><em><u>TEST</u></em></strong></li></ul>	2026-04-24 16:40:33.577137	2	\N	2026-04-24 16:40:33.5736	\N	f	NEWS		NORMAL	PUBLISHED	GENERAL	
4	TEST URGENT WITH PJ 	<p>test&nbsp;with&nbsp;PJ&nbsp;URGENT</p>	2026-04-24 16:50:46.923822	2	\N	2026-04-24 16:50:46.892761	\N	f	NEWS	/api/uploads/communication/download/b39523b0-54c8-411d-b6b2-27203a78e325_Capture d'écran 2026-04-11 161948.png	URGENT	PUBLISHED	GENERAL	
5	TEST YACINE AW YCHUF	<h1><strong>DDOULA</strong></h1><p>SGMO&nbsp;RWA7TIKOM&nbsp;LYUM</p>	2026-04-24 21:13:26.41256	8	\N	2026-04-24 21:13:26.408734	\N	f	NEWS	/api/uploads/communication/download/875950f0-0afe-4871-ae00-130edb6d5d72_Capture d'écran 2025-05-22 085302.png	URGENT	PUBLISHED	GENERAL	
\.


--
-- Data for Name: annonce_lecture; Type: TABLE DATA; Schema: public; Owner: postgres
--

COPY public.annonce_lecture (id_lecture, date_lecture, id_annonce, id_utilisateur) FROM stdin;
1	2026-04-24 16:26:11.053292	2	4
2	2026-04-24 16:27:56.06593	1	4
3	2026-04-24 16:28:41.581579	2	9
4	2026-04-24 16:28:45.402941	1	9
5	2026-04-24 16:29:06.910061	2	3
6	2026-04-24 16:29:09.186981	1	3
7	2026-04-24 16:40:55.558992	3	4
8	2026-04-24 16:51:12.66952	4	3
9	2026-04-24 16:57:03.262104	3	3
10	2026-04-24 18:06:08.811495	4	19
11	2026-04-24 18:06:10.585321	2	19
12	2026-04-24 18:06:15.302537	3	19
13	2026-04-24 18:07:13.128429	4	20
14	2026-04-24 18:07:14.24663	2	20
15	2026-04-24 18:20:09.4647	4	9
16	2026-04-24 18:20:49.030632	4	11
17	2026-04-24 18:20:50.640882	2	11
18	2026-04-24 21:04:08.642908	4	12
19	2026-04-24 21:04:09.672509	2	12
20	2026-04-24 21:14:14.906543	5	9
21	2026-04-24 21:14:23.920728	3	9
22	2026-04-24 21:21:40.108374	5	4
23	2026-04-24 21:21:42.121293	4	4
24	2026-04-24 21:26:01.213784	5	19
25	2026-04-25 02:56:43.99137	5	40
26	2026-04-25 02:56:45.377683	4	40
27	2026-04-25 02:56:47.30472	2	40
\.


--
-- Data for Name: annonce_tag; Type: TABLE DATA; Schema: public; Owner: postgres
--

COPY public.annonce_tag (id_annonce, id_tag) FROM stdin;
\.


--
-- Data for Name: audit_log; Type: TABLE DATA; Schema: public; Owner: postgres
--

COPY public.audit_log (id_log, auteur, description, "timestamp", type_action, result, role, target_entity) FROM stdin;
1	EMP001	Connexion réussie pour le matricule : EMP001	2026-04-16 16:09:05.105215	LOGIN_SUCCESS	\N	\N	\N
2	SUP001	Connexion réussie pour le matricule : SUP001	2026-04-16 16:25:52.095765	LOGIN_SUCCESS	\N	\N	\N
3	ADM001	Connexion réussie pour le matricule : ADM001	2026-04-16 16:29:32.701057	LOGIN_SUCCESS	\N	\N	\N
4	EMP001	Connexion réussie pour le matricule : EMP001	2026-04-16 16:39:59.249799	LOGIN_SUCCESS	\N	\N	\N
5	EMP001	Connexion réussie pour le matricule : EMP001	2026-04-16 20:18:31.035116	LOGIN_SUCCESS	\N	\N	\N
6	EMP001	Connexion réussie pour le matricule : EMP001	2026-04-16 22:19:33.49254	LOGIN_SUCCESS	\N	\N	\N
7	EMP001	Connexion réussie pour le matricule : EMP001	2026-04-16 23:07:08.112553	LOGIN_SUCCESS	\N	\N	\N
8	EMP001	Connexion réussie pour le matricule : EMP001	2026-04-16 23:10:22.41073	LOGIN_SUCCESS	\N	\N	\N
9	EMP001	Connexion réussie pour le matricule : EMP001	2026-04-16 23:31:21.214025	LOGIN_SUCCESS	\N	\N	\N
10	EMP001	Connexion réussie pour le matricule : EMP001	2026-04-17 00:01:25.321813	LOGIN_SUCCESS	\N	\N	\N
11	EMP001	Connexion réussie pour le matricule : EMP001	2026-04-17 00:05:08.334631	LOGIN_SUCCESS	\N	\N	\N
12	EMP001	Connexion réussie pour le matricule : EMP001	2026-04-17 00:17:54.261118	LOGIN_SUCCESS	\N	\N	\N
13	MGR001	Connexion réussie pour le matricule : MGR001	2026-04-17 00:59:03.429339	LOGIN_SUCCESS	\N	\N	\N
14	ADM001	Connexion réussie pour le matricule : ADM001	2026-04-17 01:01:05.572928	LOGIN_SUCCESS	\N	\N	\N
15	EMP001	Connexion réussie pour le matricule : EMP001	2026-04-17 01:07:42.323958	LOGIN_SUCCESS	\N	\N	\N
16	EMP001	Connexion réussie pour le matricule : EMP001	2026-04-17 18:18:44.21076	LOGIN_SUCCESS	\N	\N	\N
17	MGR001	Connexion réussie pour le matricule : MGR001	2026-04-17 18:48:35.567124	LOGIN_SUCCESS	\N	\N	\N
18	EMP001	Connexion réussie pour le matricule : EMP001	2026-04-17 19:00:49.302588	LOGIN_SUCCESS	\N	\N	\N
19	MGR001	Connexion réussie pour le matricule : MGR001	2026-04-17 19:01:52.485854	LOGIN_SUCCESS	\N	\N	\N
20	MGR001	Changement de statut pour la demande #4 vers VALIDE_MANAGER	2026-04-17 19:06:04.941043	MUTATION	\N	\N	\N
21	MGR001	Changement de statut pour la demande #4 vers VALIDE_MANAGER	2026-04-17 19:07:54.413483	MUTATION	\N	\N	\N
22	MGR001	Changement de statut pour la demande #1 vers VALIDE_MANAGER	2026-04-17 19:10:49.397052	MUTATION	\N	\N	\N
23	EMP001	Connexion réussie pour le matricule : EMP001	2026-04-17 20:33:05.520732	LOGIN_SUCCESS	\N	\N	\N
24	MGR001	Connexion réussie pour le matricule : MGR001	2026-04-17 20:42:41.054191	LOGIN_SUCCESS	\N	\N	\N
25	MGR001	Changement de statut pour la demande #5 vers VALIDE_MANAGER	2026-04-17 20:45:55.149858	MUTATION	\N	\N	\N
26	ADM001	Connexion réussie pour le matricule : ADM001	2026-04-17 20:47:03.195736	LOGIN_SUCCESS	\N	\N	\N
27	SUP001	Connexion réussie pour le matricule : SUP001	2026-04-17 20:47:53.062695	LOGIN_SUCCESS	\N	\N	\N
28	MGR001	Connexion réussie pour le matricule : MGR001	2026-04-17 21:06:50.39312	LOGIN_SUCCESS	\N	\N	\N
29	MGR001	Connexion réussie pour le matricule : MGR001	2026-04-17 21:07:39.65066	LOGIN_SUCCESS	\N	\N	\N
30	MGR001	Connexion réussie pour le matricule : MGR001	2026-04-17 21:16:31.491911	LOGIN_SUCCESS	\N	\N	\N
31	EMP001	Connexion réussie pour le matricule : EMP001	2026-04-17 21:21:05.760892	LOGIN_SUCCESS	\N	\N	\N
32	EMP001	Connexion réussie pour le matricule : EMP001	2026-04-17 21:26:49.233352	LOGIN_SUCCESS	\N	\N	\N
33	EMP001	Connexion réussie pour le matricule : EMP001	2026-04-17 21:32:42.314109	LOGIN_SUCCESS	\N	\N	\N
34	EMP001	Connexion réussie pour le matricule : EMP001	2026-04-17 21:39:55.619418	LOGIN_SUCCESS	\N	\N	\N
35	MGR001	Connexion réussie pour le matricule : MGR001	2026-04-17 21:42:28.303067	LOGIN_SUCCESS	\N	\N	\N
36	ADM001	Connexion réussie pour le matricule : ADM001	2026-04-17 21:43:15.045812	LOGIN_SUCCESS	\N	\N	\N
37	ADM001	Connexion réussie pour le matricule : ADM001	2026-04-18 00:28:38.031882	LOGIN_SUCCESS	\N	\N	\N
38	EMP001	Connexion réussie pour le matricule : EMP001	2026-04-18 01:48:35.77432	LOGIN_SUCCESS	\N	\N	\N
39	EMP001	Connexion réussie pour le matricule : EMP001	2026-04-18 01:48:38.909618	LOGIN_SUCCESS	\N	\N	\N
40	MGR001	Connexion réussie pour le matricule : MGR001	2026-04-18 01:49:13.567352	LOGIN_SUCCESS	\N	\N	\N
41	MGR001	Connexion réussie pour le matricule : MGR001	2026-04-18 01:51:54.442704	LOGIN_SUCCESS	\N	\N	\N
42	EMP001	Connexion réussie pour le matricule : EMP001	2026-04-18 01:52:34.725564	LOGIN_SUCCESS	\N	\N	\N
43	SUP001	Connexion réussie pour le matricule : SUP001	2026-04-18 01:53:14.419976	LOGIN_SUCCESS	\N	\N	\N
44	EMP001	Connexion réussie pour le matricule : EMP001	2026-04-18 02:02:25.613481	LOGIN_SUCCESS	\N	\N	\N
45	EMP001	Connexion réussie pour le matricule : EMP001	2026-04-18 02:15:26.203196	LOGIN_SUCCESS	\N	\N	\N
46	EMP001	Connexion réussie pour le matricule : EMP001	2026-04-18 02:21:27.661063	LOGIN_SUCCESS	\N	\N	\N
47	EMP001	Connexion réussie pour le matricule : EMP001	2026-04-18 02:24:41.428083	LOGIN_SUCCESS	\N	\N	\N
48	MGR001	Connexion réussie pour le matricule : MGR001	2026-04-18 02:25:03.616042	LOGIN_SUCCESS	\N	\N	\N
49	SUP001	Connexion réussie pour le matricule : SUP001	2026-04-18 02:27:17.801736	LOGIN_SUCCESS	\N	\N	\N
50	SUP001	Connexion réussie pour le matricule : SUP001	2026-04-18 02:30:34.927276	LOGIN_SUCCESS	\N	\N	\N
51	EMP001	Connexion réussie pour le matricule : EMP001	2026-04-18 02:31:38.004039	LOGIN_SUCCESS	\N	\N	\N
52	EMP001	Connexion réussie pour le matricule : EMP001	2026-04-18 02:45:40.775376	LOGIN_SUCCESS	\N	\N	\N
53	EMP001	Connexion réussie pour le matricule : EMP001	2026-04-18 02:56:28.94823	LOGIN_SUCCESS	\N	\N	\N
54	EMP001	Connexion réussie pour le matricule : EMP001	2026-04-18 03:02:05.707532	LOGIN_SUCCESS	\N	\N	\N
55	MGR001	Connexion réussie pour le matricule : MGR001	2026-04-18 03:21:43.259307	LOGIN_SUCCESS	\N	\N	\N
56	EMP001	Connexion réussie pour le matricule : EMP001	2026-04-18 03:23:50.425622	LOGIN_SUCCESS	\N	\N	\N
57	MGR001	Connexion réussie pour le matricule : MGR001	2026-04-18 03:31:28.451698	LOGIN_SUCCESS	\N	\N	\N
58	SP-MGR	Connexion réussie pour le matricule : SP-MGR	2026-04-18 04:05:48.437944	LOGIN_SUCCESS	\N	\N	\N
59	SP-EMP	Connexion réussie pour le matricule : SP-EMP	2026-04-18 04:08:59.766546	LOGIN_SUCCESS	\N	\N	\N
60	SP-MGR	Connexion réussie pour le matricule : SP-MGR	2026-04-18 04:09:47.06309	LOGIN_SUCCESS	\N	\N	\N
61	SP-HR	Connexion réussie pour le matricule : SP-HR	2026-04-18 04:10:17.452572	LOGIN_SUCCESS	\N	\N	\N
62	SP-MGR	Connexion réussie pour le matricule : SP-MGR	2026-04-18 04:12:13.994407	LOGIN_SUCCESS	\N	\N	\N
63	SP-EMP	Connexion réussie pour le matricule : SP-EMP	2026-04-18 04:12:45.898944	LOGIN_SUCCESS	\N	\N	\N
64	SP-HR	Connexion réussie pour le matricule : SP-HR	2026-04-18 04:13:17.579712	LOGIN_SUCCESS	\N	\N	\N
65	SP-EMP	Connexion réussie pour le matricule : SP-EMP	2026-04-18 04:14:17.873528	LOGIN_SUCCESS	\N	\N	\N
66	SP-EMP	Connexion réussie pour le matricule : SP-EMP	2026-04-18 12:39:12.299008	LOGIN_SUCCESS	\N	\N	\N
67	SP-EMP	Connexion réussie pour le matricule : SP-EMP	2026-04-18 12:40:19.267925	LOGIN_SUCCESS	\N	\N	\N
68	SP-EMP	Connexion réussie pour le matricule : SP-EMP	2026-04-18 12:49:53.399957	LOGIN_SUCCESS	\N	\N	\N
69	SP-EMP	Connexion réussie pour le matricule : SP-EMP	2026-04-18 13:04:01.187806	LOGIN_SUCCESS	\N	\N	\N
70	SP-MGR	Connexion réussie pour le matricule : SP-MGR	2026-04-18 13:04:49.627849	LOGIN_SUCCESS	\N	\N	\N
71	SP-MGR	Connexion réussie pour le matricule : SP-MGR	2026-04-18 13:24:19.596658	LOGIN_SUCCESS	\N	\N	\N
72	SP-MGR	Connexion réussie pour le matricule : SP-MGR	2026-04-18 13:45:16.671241	LOGIN_SUCCESS	\N	\N	\N
73	SP-MGR	Connexion réussie pour le matricule : SP-MGR	2026-04-18 13:48:34.810968	LOGIN_SUCCESS	\N	\N	\N
74	SP-MGR	Changement de statut pour la demande #7 vers VALIDE_MANAGER	2026-04-18 13:48:40.90572	MUTATION	\N	\N	\N
75	SP-EMP	Connexion réussie pour le matricule : SP-EMP	2026-04-18 13:50:02.669349	LOGIN_SUCCESS	\N	\N	\N
76	SP-MGR	Connexion réussie pour le matricule : SP-MGR	2026-04-18 13:53:30.085866	LOGIN_SUCCESS	\N	\N	\N
77	SP-HR	Connexion réussie pour le matricule : SP-HR	2026-04-18 13:53:42.994402	LOGIN_SUCCESS	\N	\N	\N
78	SP-MGR	Connexion réussie pour le matricule : SP-MGR	2026-04-18 14:00:30.712844	LOGIN_SUCCESS	\N	\N	\N
79	SP-EMP	Connexion réussie pour le matricule : SP-EMP	2026-04-18 14:08:13.221771	LOGIN_SUCCESS	\N	\N	\N
80	SP-MGR	Connexion réussie pour le matricule : SP-MGR	2026-04-18 14:08:45.74604	LOGIN_SUCCESS	\N	\N	\N
81	SP-MGR	Connexion réussie pour le matricule : SP-MGR	2026-04-18 14:09:18.105954	LOGIN_SUCCESS	\N	\N	\N
82	SP-HR	Connexion réussie pour le matricule : SP-HR	2026-04-18 14:09:53.859583	LOGIN_SUCCESS	\N	\N	\N
83	SP-SUPER	Connexion réussie pour le matricule : SP-SUPER	2026-04-18 15:21:05.319469	LOGIN_SUCCESS	\N	\N	\N
84	SP-SUPER	Changement de statut pour la demande #7 vers APPROUVE	2026-04-18 15:33:17.658864	MUTATION	\N	\N	\N
85	SP-HR	Connexion réussie pour le matricule : SP-HR	2026-04-18 15:46:01.960213	LOGIN_SUCCESS	\N	\N	\N
86	SP-EMP	Connexion réussie pour le matricule : SP-EMP	2026-04-18 15:47:16.096913	LOGIN_SUCCESS	\N	\N	\N
87	SP-HR	Connexion réussie pour le matricule : SP-HR	2026-04-18 15:49:31.698381	LOGIN_SUCCESS	\N	\N	\N
88	SP-EMP	Connexion réussie pour le matricule : SP-EMP	2026-04-18 15:51:20.140966	LOGIN_SUCCESS	\N	\N	\N
89	SP-HR	Connexion réussie pour le matricule : SP-HR	2026-04-18 16:06:45.750743	LOGIN_SUCCESS	\N	\N	\N
90	SP-EMP	Connexion réussie pour le matricule : SP-EMP	2026-04-18 16:07:32.132104	LOGIN_SUCCESS	\N	\N	\N
91	SP-EMP	Connexion réussie pour le matricule : SP-EMP	2026-04-18 16:12:03.676292	LOGIN_SUCCESS	\N	\N	\N
92	SP-SUPER	Connexion réussie pour le matricule : SP-SUPER	2026-04-18 16:15:03.669926	LOGIN_SUCCESS	\N	\N	\N
93	SP-SUPER	Connexion réussie pour le matricule : SP-SUPER	2026-04-18 16:17:39.151683	LOGIN_SUCCESS	\N	\N	\N
94	SP-MGR	Connexion réussie pour le matricule : SP-MGR	2026-04-18 16:18:32.711091	LOGIN_SUCCESS	\N	\N	\N
95	SP-SUPER	Connexion réussie pour le matricule : SP-SUPER	2026-04-18 16:19:11.132987	LOGIN_SUCCESS	\N	\N	\N
96	SP-SUPER	Connexion réussie pour le matricule : SP-SUPER	2026-04-18 16:23:30.951168	LOGIN_SUCCESS	\N	\N	\N
97	SP-SUPER	Connexion réussie pour le matricule : SP-SUPER	2026-04-18 16:27:18.361115	LOGIN_SUCCESS	\N	\N	\N
98	SP-SUPER	Connexion réussie pour le matricule : SP-SUPER	2026-04-18 16:38:41.430213	LOGIN_SUCCESS	\N	\N	\N
99	SP-EMP	Connexion réussie pour le matricule : SP-EMP	2026-04-18 16:54:43.767182	LOGIN_SUCCESS	\N	\N	\N
100	SP-SUPER	Connexion réussie pour le matricule : SP-SUPER	2026-04-18 16:59:35.418044	LOGIN_SUCCESS	\N	\N	\N
101	SP-EMP	Connexion réussie pour le matricule : SP-EMP	2026-04-18 17:47:52.94308	LOGIN_SUCCESS	\N	\N	\N
102	SP-MGR	Connexion réussie pour le matricule : SP-MGR	2026-04-18 17:48:48.494357	LOGIN_SUCCESS	\N	\N	\N
103	SP-EMP	Connexion réussie pour le matricule : SP-EMP	2026-04-18 17:59:10.776223	LOGIN_SUCCESS	\N	\N	\N
104	SP-EMP	Connexion réussie pour le matricule : SP-EMP	2026-04-18 18:03:17.844733	LOGIN_SUCCESS	\N	\N	\N
105	SP-SUPER	Connexion réussie pour le matricule : SP-SUPER	2026-04-18 18:05:07.004305	LOGIN_SUCCESS	\N	\N	\N
106	SP-HR	Connexion réussie pour le matricule : SP-HR	2026-04-18 18:09:40.865478	LOGIN_SUCCESS	\N	\N	\N
107	SP-SUPER	Connexion réussie pour le matricule : SP-SUPER	2026-04-18 18:25:20.323401	LOGIN_SUCCESS	\N	\N	\N
108	SP-HR	Connexion réussie pour le matricule : SP-HR	2026-04-18 18:26:38.646679	LOGIN_SUCCESS	\N	\N	\N
109	SP-HR	Validation admin #15 -> APPROUVÉ	2026-04-18 18:27:24.229116	MUTATION_ADMIN	\N	\N	\N
110	SP-HR	Validation admin #16 -> APPROUVÉ	2026-04-18 18:30:47.810444	MUTATION_ADMIN	\N	\N	\N
111	SP-HR	Connexion réussie pour le matricule : SP-HR	2026-04-18 18:38:21.333913	LOGIN_SUCCESS	\N	\N	\N
112	SP-EMP	Connexion réussie pour le matricule : SP-EMP	2026-04-18 18:40:24.314143	LOGIN_SUCCESS	\N	\N	\N
113	SP-EMP	Connexion réussie pour le matricule : SP-EMP	2026-04-18 19:12:32.942105	LOGIN_SUCCESS	\N	\N	\N
114	SP-HR	Connexion réussie pour le matricule : SP-HR	2026-04-18 19:19:46.487771	LOGIN_SUCCESS	\N	\N	\N
115	SP-HR	Validation admin #14 -> REFUSE	2026-04-18 19:20:11.018493	MUTATION_ADMIN	\N	\N	\N
116	SP-HR	Connexion réussie pour le matricule : SP-HR	2026-04-18 21:40:25.566397	LOGIN_SUCCESS	\N	\N	\N
117	SP-HR	Connexion réussie pour le matricule : SP-HR	2026-04-18 21:47:05.577934	LOGIN_SUCCESS	\N	\N	\N
118	SP-EMP	Connexion réussie pour le matricule : SP-EMP	2026-04-18 21:47:42.146038	LOGIN_SUCCESS	\N	\N	\N
119	SP-HR	Connexion réussie pour le matricule : SP-HR	2026-04-18 21:53:15.933285	LOGIN_SUCCESS	\N	\N	\N
120	SP-EMP	Connexion réussie pour le matricule : SP-EMP	2026-04-18 21:56:27.089647	LOGIN_SUCCESS	\N	\N	\N
121	SP-HR	Connexion réussie pour le matricule : SP-HR	2026-04-18 22:08:02.034802	LOGIN_SUCCESS	\N	\N	\N
122	SP-HR	Connexion réussie pour le matricule : SP-HR	2026-04-19 01:08:37.083778	LOGIN_SUCCESS	\N	\N	\N
123	SP-HR	Connexion réussie pour le matricule : SP-HR	2026-04-19 01:23:15.313801	LOGIN_SUCCESS	\N	\N	\N
124	SP-MGR	Connexion réussie pour le matricule : SP-MGR	2026-04-19 02:15:12.010567	LOGIN_SUCCESS	\N	\N	\N
125	SP-EMP	Connexion réussie pour le matricule : SP-EMP	2026-04-19 02:18:21.946603	LOGIN_SUCCESS	\N	\N	\N
126	SP-EMP	Connexion réussie pour le matricule : SP-EMP	2026-04-19 02:18:39.695532	LOGIN_SUCCESS	\N	\N	\N
127	SP-MGR	Connexion réussie pour le matricule : SP-MGR	2026-04-19 02:31:50.135512	LOGIN_SUCCESS	\N	\N	\N
128	SP-HR	Connexion réussie pour le matricule : SP-HR	2026-04-19 02:34:11.491999	LOGIN_SUCCESS	\N	\N	\N
129	SP-EMP	Connexion réussie pour le matricule : SP-EMP	2026-04-19 02:43:02.996692	LOGIN_SUCCESS	\N	\N	\N
130	SP-MGR	Connexion réussie pour le matricule : SP-MGR	2026-04-19 02:43:24.2149	LOGIN_SUCCESS	\N	\N	\N
131	SP-HR	Connexion réussie pour le matricule : SP-HR	2026-04-19 02:43:41.318488	LOGIN_SUCCESS	\N	\N	\N
132	SP-EMP	Connexion réussie pour le matricule : SP-EMP	2026-04-19 02:45:16.386963	LOGIN_SUCCESS	\N	\N	\N
133	SP-HR	Connexion réussie pour le matricule : SP-HR	2026-04-19 03:27:30.255492	LOGIN_SUCCESS	\N	\N	\N
134	SP-MGR	Connexion réussie pour le matricule : SP-MGR	2026-04-19 03:28:32.657431	LOGIN_SUCCESS	\N	\N	\N
135	SP-EMP	Connexion réussie pour le matricule : SP-EMP	2026-04-19 03:31:27.698086	LOGIN_SUCCESS	\N	\N	\N
136	SP-MGR	Connexion réussie pour le matricule : SP-MGR	2026-04-19 03:32:23.078189	LOGIN_SUCCESS	\N	\N	\N
137	SP-MGR	Changement de statut pour la demande #8 vers VALIDE_MANAGER	2026-04-19 04:08:01.490079	MUTATION	\N	\N	\N
138	SP-EMP	Connexion réussie pour le matricule : SP-EMP	2026-04-19 12:06:14.36781	LOGIN_SUCCESS	\N	\N	\N
139	SP-HR	Connexion réussie pour le matricule : SP-HR	2026-04-19 12:30:37.724178	LOGIN_SUCCESS	\N	\N	\N
140	SP-MGR	Connexion réussie pour le matricule : SP-MGR	2026-04-19 12:33:44.019248	LOGIN_SUCCESS	\N	\N	\N
141	SP-MGR	Changement de statut pour la demande #20 vers VALIDE_MANAGER	2026-04-19 12:37:33.488753	MUTATION	\N	\N	\N
142	SP-HR	Connexion réussie pour le matricule : SP-HR	2026-04-19 12:41:08.63771	LOGIN_SUCCESS	\N	\N	\N
143	SP-EMP	Connexion réussie pour le matricule : SP-EMP	2026-04-20 09:36:41.595223	LOGIN_SUCCESS	\N	\N	\N
144	SP-MGR	Connexion réussie pour le matricule : SP-MGR	2026-04-20 09:56:21.990434	LOGIN_SUCCESS	\N	\N	\N
145	SP-MGR	Changement de statut pour la demande #22 vers VALIDE_MANAGER	2026-04-20 10:20:52.123686	MUTATION	\N	\N	\N
146	SP-HR	Connexion réussie pour le matricule : SP-HR	2026-04-20 10:21:19.283283	LOGIN_SUCCESS	\N	\N	\N
147	SP-HR	Connexion réussie pour le matricule : SP-HR	2026-04-21 13:59:20.862163	LOGIN_SUCCESS	\N	\N	\N
148	SP-HR	Connexion réussie pour le matricule : SP-HR	2026-04-21 15:51:20.878824	LOGIN_SUCCESS	\N	\N	\N
149	SP-HR	Connexion réussie pour le matricule : SP-HR	2026-04-21 15:59:26.054292	LOGIN_SUCCESS	\N	\N	\N
150	SP-HR	Connexion réussie pour le matricule : SP-HR	2026-04-21 16:06:05.803634	LOGIN_SUCCESS	\N	\N	\N
151	SP-HR	Connexion réussie pour le matricule : SP-HR	2026-04-21 16:17:00.355594	LOGIN_SUCCESS	\N	\N	\N
152	SP-HR	Connexion réussie pour le matricule : SP-HR	2026-04-21 16:21:31.929516	LOGIN_SUCCESS	\N	\N	\N
153	SP-HR	Connexion réussie pour le matricule : SP-HR	2026-04-21 16:24:41.520736	LOGIN_SUCCESS	\N	\N	\N
154	SP-HR	Connexion réussie pour le matricule : SP-HR	2026-04-21 16:37:17.433696	LOGIN_SUCCESS	\N	\N	\N
155	SP-HR	Connexion réussie pour le matricule : SP-HR	2026-04-21 17:11:11.658613	LOGIN_SUCCESS	\N	\N	\N
156	SP-HR	Connexion réussie pour le matricule : SP-HR	2026-04-21 17:22:27.368087	LOGIN_SUCCESS	\N	\N	\N
157	SP-HR	Connexion réussie pour le matricule : SP-HR	2026-04-21 17:26:58.910116	LOGIN_SUCCESS	\N	\N	\N
158	SP-HR	Connexion réussie pour le matricule : SP-HR	2026-04-21 17:27:24.15786	LOGIN_SUCCESS	\N	\N	\N
159	SP-HR	Connexion réussie pour le matricule : SP-HR	2026-04-21 17:35:40.762864	LOGIN_SUCCESS	\N	\N	\N
160	SP-HR	Connexion réussie pour le matricule : SP-HR	2026-04-21 17:36:53.320313	LOGIN_SUCCESS	\N	\N	\N
161	SP-HR	Connexion réussie pour le matricule : SP-HR	2026-04-21 17:39:48.914329	LOGIN_SUCCESS	\N	\N	\N
162	SP-HR	Connexion réussie pour le matricule : SP-HR	2026-04-21 17:41:02.884381	LOGIN_SUCCESS	\N	\N	\N
163	SP-HR	Connexion réussie pour le matricule : SP-HR	2026-04-21 17:50:06.220697	LOGIN_SUCCESS	\N	\N	\N
164	SP-HR	Changement de statut pour la demande #20 vers APPROUVE	2026-04-21 17:51:00.174742	MUTATION	\N	\N	\N
165	SP-HR	Changement de statut pour la demande de doc #6 vers APPROUVE	2026-04-21 17:52:02.947324	MUTATION	\N	\N	\N
166	SP-HR	Changement de statut pour la demande de doc #21 vers APPROUVE	2026-04-21 17:52:48.936874	MUTATION	\N	\N	\N
167	SP-HR	Connexion réussie pour le matricule : SP-HR	2026-04-21 17:55:05.508897	LOGIN_SUCCESS	\N	\N	\N
168	SP-HR	Connexion réussie pour le matricule : SP-HR	2026-04-21 18:06:23.240272	LOGIN_SUCCESS	\N	\N	\N
169	SP-HR	Connexion réussie pour le matricule : SP-HR	2026-04-21 18:09:05.284512	LOGIN_SUCCESS	\N	\N	\N
170	SP-HR	Connexion réussie pour le matricule : SP-HR	2026-04-21 18:09:32.353494	LOGIN_SUCCESS	\N	\N	\N
171	SP-EMP	Connexion réussie pour le matricule : SP-EMP	2026-04-21 18:09:44.255421	LOGIN_SUCCESS	\N	\N	\N
172	SP-HR	Connexion réussie pour le matricule : SP-HR	2026-04-21 18:10:09.114527	LOGIN_SUCCESS	\N	\N	\N
173	SP-HR	Changement de statut pour la demande de doc #23 vers APPROUVE	2026-04-21 18:10:16.90819	MUTATION	\N	\N	\N
174	SP-EMP	Connexion réussie pour le matricule : SP-EMP	2026-04-21 20:47:17.703861	LOGIN_SUCCESS	\N	\N	\N
175	SP-HR	Connexion réussie pour le matricule : SP-HR	2026-04-21 20:47:41.265728	LOGIN_SUCCESS	\N	\N	\N
176	SP-HR	Changement de statut pour la demande de doc #24 vers APPROUVE	2026-04-21 21:11:57.184933	MUTATION	\N	\N	\N
177	SP-HR	Changement de statut pour la demande #22 vers APPROUVE	2026-04-21 21:12:24.388214	MUTATION	\N	\N	\N
178	SP-EMP	Connexion réussie pour le matricule : SP-EMP	2026-04-21 23:48:56.03771	LOGIN_SUCCESS	\N	\N	\N
179	SP-EMP	Connexion réussie pour le matricule : SP-EMP	2026-04-21 23:49:43.675536	LOGIN_SUCCESS	\N	\N	\N
180	SP-HR	Connexion réussie pour le matricule : SP-HR	2026-04-21 23:50:17.013994	LOGIN_SUCCESS	\N	\N	\N
181	SP-HR	Connexion réussie pour le matricule : SP-HR	2026-04-21 23:59:40.153073	LOGIN_SUCCESS	\N	\N	\N
182	SP-EMP	Connexion réussie pour le matricule : SP-EMP	2026-04-22 00:06:58.217676	LOGIN_SUCCESS	\N	\N	\N
183	SP-HR	Connexion réussie pour le matricule : SP-HR	2026-04-22 00:07:43.568673	LOGIN_SUCCESS	\N	\N	\N
184	SP-MGR	Connexion réussie pour le matricule : SP-MGR	2026-04-22 00:08:20.063554	LOGIN_SUCCESS	\N	\N	\N
185	SP-MGR	Changement de statut pour la demande #26 vers VALIDE_MANAGER	2026-04-22 00:08:34.259133	MUTATION	\N	\N	\N
186	SP-HR	Connexion réussie pour le matricule : SP-HR	2026-04-22 00:08:45.968551	LOGIN_SUCCESS	\N	\N	\N
187	SP-MGR	Connexion réussie pour le matricule : SP-MGR	2026-04-22 00:17:15.789387	LOGIN_SUCCESS	\N	\N	\N
188	SP-HR	Connexion réussie pour le matricule : SP-HR	2026-04-22 00:25:29.072361	LOGIN_SUCCESS	\N	\N	\N
189	SP-HR	Connexion réussie pour le matricule : SP-HR	2026-04-22 00:29:59.873644	LOGIN_SUCCESS	\N	\N	\N
190	SP-HR	Connexion réussie pour le matricule : SP-HR	2026-04-22 00:36:31.106779	LOGIN_SUCCESS	\N	\N	\N
191	SP-HR	Connexion réussie pour le matricule : SP-HR	2026-04-22 00:42:15.298793	LOGIN_SUCCESS	\N	\N	\N
192	SP-HR	Changement de statut pour la demande #26 vers ATTENTE	2026-04-22 00:45:02.022543	MUTATION	\N	\N	\N
193	SP-HR	Validation admin #11 -> REFUSE	2026-04-22 00:45:11.700423	MUTATION_ADMIN	\N	\N	\N
194	SP-HR	Validation admin #12 -> APPROUVE	2026-04-22 00:45:16.093011	MUTATION_ADMIN	\N	\N	\N
195	SP-HR	Validation admin #13 -> APPROUVE	2026-04-22 00:45:31.811545	MUTATION_ADMIN	\N	\N	\N
196	SP-HR	Connexion réussie pour le matricule : SP-HR	2026-04-22 01:12:23.128978	LOGIN_SUCCESS	\N	\N	\N
197	SP-HR	Connexion réussie pour le matricule : SP-HR	2026-04-22 01:20:43.031402	LOGIN_SUCCESS	\N	\N	\N
198	SP-HR	Connexion réussie pour le matricule : SP-HR	2026-04-22 14:09:18.40165	LOGIN_SUCCESS	\N	\N	\N
199	SP-EMP	Connexion réussie pour le matricule : SP-EMP	2026-04-22 22:42:52.07504	LOGIN_SUCCESS	\N	\N	\N
200	SP-EMP	Connexion réussie pour le matricule : SP-EMP	2026-04-22 22:44:08.428141	LOGIN_SUCCESS	\N	\N	\N
201	SP-EMP	Connexion réussie pour le matricule : SP-EMP	2026-04-22 23:08:21.760976	LOGIN_SUCCESS	\N	\N	\N
202	SP-EMP	Connexion réussie pour le matricule : SP-EMP	2026-04-22 23:15:06.190845	LOGIN_SUCCESS	\N	\N	\N
203	SP-EMP	Connexion réussie pour le matricule : SP-EMP	2026-04-22 23:45:06.739587	LOGIN_SUCCESS	\N	\N	\N
204	SP-HR	Connexion réussie pour le matricule : SP-HR	2026-04-22 23:46:39.791311	LOGIN_SUCCESS	\N	\N	\N
205	SP-HR	Connexion réussie pour le matricule : SP-HR	2026-04-22 23:48:28.190285	LOGIN_SUCCESS	\N	\N	\N
206	SP-HR	Connexion réussie pour le matricule : SP-HR	2026-04-23 00:13:38.547595	LOGIN_SUCCESS	\N	\N	\N
207	SP-HR	Connexion réussie pour le matricule : SP-HR	2026-04-23 00:23:40.717415	LOGIN_SUCCESS	\N	\N	\N
208	SP-HR	Connexion réussie pour le matricule : SP-HR	2026-04-23 00:26:51.594935	LOGIN_SUCCESS	\N	\N	\N
209	SP-HR	Connexion réussie pour le matricule : SP-HR	2026-04-23 00:29:36.386191	LOGIN_SUCCESS	\N	\N	\N
210	SP-HR	Connexion réussie pour le matricule : SP-HR	2026-04-23 00:35:12.627901	LOGIN_SUCCESS	\N	\N	\N
211	SP-HR	Connexion réussie pour le matricule : SP-HR	2026-04-23 00:41:07.663481	LOGIN_SUCCESS	\N	\N	\N
212	SP-HR	Connexion réussie pour le matricule : SP-HR	2026-04-23 00:53:42.952074	LOGIN_SUCCESS	\N	\N	\N
213	SP-HR	Connexion réussie pour le matricule : SP-HR	2026-04-23 01:18:55.665774	LOGIN_SUCCESS	\N	\N	\N
214	SP-HR	Connexion réussie pour le matricule : SP-HR	2026-04-23 01:21:45.405537	LOGIN_SUCCESS	\N	\N	\N
215	SP-HR	Connexion réussie pour le matricule : SP-HR	2026-04-23 01:36:26.997871	LOGIN_SUCCESS	\N	\N	\N
216	SP-HR	Connexion réussie pour le matricule : SP-HR	2026-04-23 01:39:59.127646	LOGIN_SUCCESS	\N	\N	\N
217	SP-HR	Connexion réussie pour le matricule : SP-HR	2026-04-23 02:20:17.566479	LOGIN_SUCCESS	\N	\N	\N
218	SP-HR	Connexion réussie pour le matricule : SP-HR	2026-04-23 02:58:05.919676	LOGIN_SUCCESS	\N	\N	\N
219	SP-HR	Connexion réussie pour le matricule : SP-HR	2026-04-23 03:55:28.096041	LOGIN_SUCCESS	\N	\N	\N
220	SP-EMP	Connexion réussie pour le matricule : SP-EMP	2026-04-23 03:57:15.300815	LOGIN_SUCCESS	\N	\N	\N
221	SP-HR	Connexion réussie pour le matricule : SP-HR	2026-04-23 04:05:06.986463	LOGIN_SUCCESS	\N	\N	\N
222	SP-HR	Connexion réussie pour le matricule : SP-HR	2026-04-23 04:08:40.255215	LOGIN_SUCCESS	\N	\N	\N
223	SP-EMP	Connexion réussie pour le matricule : SP-EMP	2026-04-23 04:21:05.173232	LOGIN_SUCCESS	\N	\N	\N
224	SP-EMP	Connexion réussie pour le matricule : SP-EMP	2026-04-23 04:22:23.958953	LOGIN_SUCCESS	\N	\N	\N
225	SP-HR	Connexion réussie pour le matricule : SP-HR	2026-04-23 04:24:04.704632	LOGIN_SUCCESS	\N	\N	\N
226	SP-EMP	Connexion réussie pour le matricule : SP-EMP	2026-04-23 04:28:28.53177	LOGIN_SUCCESS	\N	\N	\N
227	SP-HR	Connexion réussie pour le matricule : SP-HR	2026-04-23 04:28:43.745117	LOGIN_SUCCESS	\N	\N	\N
228	SP-HR	Connexion réussie pour le matricule : SP-HR	2026-04-24 00:08:45.137219	LOGIN_SUCCESS	\N	\N	\N
229	SP-HRMGR	Connexion réussie pour le matricule : SP-HRMGR	2026-04-24 00:50:15.18918	LOGIN_SUCCESS	\N	\N	\N
230	SP-HRMGR	Connexion réussie pour le matricule : SP-HRMGR	2026-04-24 00:58:07.591354	LOGIN_SUCCESS	\N	\N	\N
231	SP-HR	Connexion réussie pour le matricule : SP-HR	2026-04-24 00:58:53.041745	LOGIN_SUCCESS	\N	\N	\N
232	SP-HRMGR	Connexion réussie pour le matricule : SP-HRMGR	2026-04-24 01:12:03.296225	LOGIN_SUCCESS	\N	\N	\N
233	SP-HR	Connexion réussie pour le matricule : SP-HR	2026-04-24 01:45:43.01999	LOGIN_SUCCESS	\N	\N	\N
234	SP-HRMGR	Connexion réussie pour le matricule : SP-HRMGR	2026-04-24 01:45:55.967214	LOGIN_SUCCESS	\N	\N	\N
235	SP-HR	Connexion réussie pour le matricule : SP-HR	2026-04-24 02:24:19.530727	LOGIN_SUCCESS	\N	\N	\N
236	SP-HRMGR	Connexion réussie pour le matricule : SP-HRMGR	2026-04-24 02:40:54.327347	LOGIN_SUCCESS	\N	\N	\N
237	SP-HR	Connexion réussie pour le matricule : SP-HR	2026-04-24 02:51:53.107074	LOGIN_SUCCESS	\N	\N	\N
238	SP-HR	Connexion réussie pour le matricule : SP-HR	2026-04-24 03:06:26.682977	LOGIN_SUCCESS	\N	\N	\N
239	SP-HR	Connexion réussie pour le matricule : SP-HR	2026-04-24 03:07:00.040154	LOGIN_SUCCESS	\N	\N	\N
240	SP-HRMGR	Connexion réussie pour le matricule : SP-HRMGR	2026-04-24 03:07:29.316125	LOGIN_SUCCESS	\N	\N	\N
241	SP-HRMGR	Connexion réussie pour le matricule : SP-HRMGR	2026-04-24 03:47:29.050753	LOGIN_SUCCESS	\N	\N	\N
242	SP-HRMGR	Connexion réussie pour le matricule : SP-HRMGR	2026-04-24 04:27:16.277509	LOGIN_SUCCESS	\N	\N	\N
243	SP-HRMGR	Connexion réussie pour le matricule : SP-HRMGR	2026-04-24 04:36:03.46821	LOGIN_SUCCESS	\N	\N	\N
244	SP-HRMGR	Connexion réussie pour le matricule : SP-HRMGR	2026-04-24 04:59:11.161216	LOGIN_SUCCESS	\N	\N	\N
245	SP-HRMGR	Connexion réussie pour le matricule : SP-HRMGR	2026-04-24 05:30:20.387687	LOGIN_SUCCESS	\N	\N	\N
246	SP-HRMGR	Connexion réussie pour le matricule : SP-HRMGR	2026-04-24 05:39:03.339574	LOGIN_SUCCESS	\N	\N	\N
247	SP-HRMGR	Connexion réussie pour le matricule : SP-HRMGR	2026-04-24 05:49:43.671215	LOGIN_SUCCESS	\N	\N	\N
248	SP-HR	Connexion réussie pour le matricule : SP-HR	2026-04-24 05:50:10.204736	LOGIN_SUCCESS	\N	\N	\N
249	SP-HRMGR	Connexion réussie pour le matricule : SP-HRMGR	2026-04-24 06:02:32.583089	LOGIN_SUCCESS	\N	\N	\N
250	SP-HRMGR	Connexion réussie pour le matricule : SP-HRMGR	2026-04-24 06:32:44.54519	LOGIN_SUCCESS	\N	\N	\N
251	SP-HR	Connexion réussie pour le matricule : SP-HR	2026-04-24 06:35:04.083894	LOGIN_SUCCESS	\N	\N	\N
252	SP-HRMGR	Connexion réussie pour le matricule : SP-HRMGR	2026-04-24 06:35:32.481729	LOGIN_SUCCESS	\N	\N	\N
253	SP-HRMGR	Connexion réussie pour le matricule : SP-HRMGR	2026-04-24 07:26:58.73374	LOGIN_SUCCESS	\N	\N	\N
254	SP-HR	Connexion réussie pour le matricule : SP-HR	2026-04-24 07:59:06.319764	LOGIN_SUCCESS	\N	\N	\N
255	SP-HRMGR	Connexion réussie pour le matricule : SP-HRMGR	2026-04-24 08:06:20.064184	LOGIN_SUCCESS	\N	\N	\N
256	SP-EMP	Connexion réussie pour le matricule : SP-EMP	2026-04-24 16:12:38.815299	LOGIN_SUCCESS	\N	\N	\N
257	SP-EMP1	Connexion réussie pour le matricule : SP-EMP1	2026-04-24 16:13:19.624538	LOGIN_SUCCESS	\N	\N	\N
258	SP-HR	Connexion réussie pour le matricule : SP-HR	2026-04-24 16:14:15.053137	LOGIN_SUCCESS	\N	\N	\N
259	SP-EMP	Connexion réussie pour le matricule : SP-EMP	2026-04-24 16:19:12.870489	LOGIN_SUCCESS	\N	\N	\N
260	SP-EMP	Connexion réussie pour le matricule : SP-EMP	2026-04-24 16:26:00.067731	LOGIN_SUCCESS	\N	\N	\N
261	SP-EMP1	Connexion réussie pour le matricule : SP-EMP1	2026-04-24 16:28:38.210389	LOGIN_SUCCESS	\N	\N	\N
262	SP-MGR	Connexion réussie pour le matricule : SP-MGR	2026-04-24 16:29:04.68833	LOGIN_SUCCESS	\N	\N	\N
263	SP-HR	Connexion réussie pour le matricule : SP-HR	2026-04-24 16:29:56.712616	LOGIN_SUCCESS	\N	\N	\N
264	SP-HRMGR	Connexion réussie pour le matricule : SP-HRMGR	2026-04-24 16:30:31.365314	LOGIN_SUCCESS	\N	\N	\N
265	SP-EMP	Connexion réussie pour le matricule : SP-EMP	2026-04-24 16:38:14.026576	LOGIN_SUCCESS	\N	\N	\N
266	SP-HR	Connexion réussie pour le matricule : SP-HR	2026-04-24 16:38:34.959522	LOGIN_SUCCESS	\N	\N	\N
267	SP-EMP	Connexion réussie pour le matricule : SP-EMP	2026-04-24 16:40:49.186937	LOGIN_SUCCESS	\N	\N	\N
268	SP-HR	Connexion réussie pour le matricule : SP-HR	2026-04-24 16:47:01.348416	LOGIN_SUCCESS	\N	\N	\N
269	SP-MGR	Connexion réussie pour le matricule : SP-MGR	2026-04-24 16:51:07.803341	LOGIN_SUCCESS	\N	\N	\N
270	SP-HRMGR	Connexion réussie pour le matricule : SP-HRMGR	2026-04-24 16:57:34.077659	LOGIN_SUCCESS	\N	\N	\N
271	SP-SEC1	Connexion réussie pour le matricule : SP-SEC1	2026-04-24 18:06:02.337982	LOGIN_SUCCESS	\N	\N	\N
272	SP-SEC2	Connexion réussie pour le matricule : SP-SEC2	2026-04-24 18:07:09.297663	LOGIN_SUCCESS	\N	\N	\N
273	SP-SEC1	Connexion réussie pour le matricule : SP-SEC1	2026-04-24 18:19:24.297474	LOGIN_SUCCESS	\N	\N	\N
274	SP-EMP1	Connexion réussie pour le matricule : SP-EMP1	2026-04-24 18:20:05.374278	LOGIN_SUCCESS	\N	\N	\N
275	SP-EMP3	Connexion réussie pour le matricule : SP-EMP3	2026-04-24 18:20:40.480328	LOGIN_SUCCESS	\N	\N	\N
276	SP-EMP3	Changement de statut pour la demande #27 vers VALIDE_MANAGER	2026-04-24 18:21:02.370516	MUTATION	\N	\N	\N
277	SP-SEC1	Connexion réussie pour le matricule : SP-SEC1	2026-04-24 18:28:18.795336	LOGIN_SUCCESS	\N	\N	\N
278	SP-EMP1	Connexion réussie pour le matricule : SP-EMP1	2026-04-24 18:29:17.527572	LOGIN_SUCCESS	\N	\N	\N
279	SP-MGR	Connexion réussie pour le matricule : SP-MGR	2026-04-24 18:34:07.768213	LOGIN_SUCCESS	\N	\N	\N
280	SP-EMP1	Connexion réussie pour le matricule : SP-EMP1	2026-04-24 18:50:00.852811	LOGIN_SUCCESS	\N	\N	\N
281	SP-HRMGR	Connexion réussie pour le matricule : SP-HRMGR	2026-04-24 18:54:01.586146	LOGIN_SUCCESS	\N	\N	\N
282	SP-HRMGR	Connexion réussie pour le matricule : SP-HRMGR	2026-04-24 19:03:28.756029	LOGIN_SUCCESS	\N	\N	\N
283	SP-EMP1	Connexion réussie pour le matricule : SP-EMP1	2026-04-24 19:07:15.550956	LOGIN_SUCCESS	\N	\N	\N
284	SP-EMP1	Annulation de la demande de doc #29	2026-04-24 19:08:01.9959	MUTATION	\N	\N	\N
285	SP-HR	Connexion réussie pour le matricule : SP-HR	2026-04-24 19:08:28.796713	LOGIN_SUCCESS	\N	\N	\N
286	SP-HR	Connexion réussie pour le matricule : SP-HR	2026-04-24 19:13:04.702845	LOGIN_SUCCESS	\N	\N	\N
287	SP-EMP1	Connexion réussie pour le matricule : SP-EMP1	2026-04-24 19:23:04.551015	LOGIN_SUCCESS	\N	\N	\N
288	SP-HR	Connexion réussie pour le matricule : SP-HR	2026-04-24 19:30:31.528467	LOGIN_SUCCESS	\N	\N	\N
289	SP-EMP1	Connexion réussie pour le matricule : SP-EMP1	2026-04-24 19:30:54.910808	LOGIN_SUCCESS	\N	\N	\N
290	SP-EMP1	Annulation de la demande de doc #30	2026-04-24 19:31:15.655369	MUTATION	\N	\N	\N
291	SP-HR	Connexion réussie pour le matricule : SP-HR	2026-04-24 19:36:00.789334	LOGIN_SUCCESS	\N	\N	\N
292	SP-HR	Changement de statut pour la demande de doc #31 vers APPROUVE	2026-04-24 19:41:14.486491	MUTATION	\N	\N	\N
293	SP-EMP1	Connexion réussie pour le matricule : SP-EMP1	2026-04-24 19:41:43.209273	LOGIN_SUCCESS	\N	\N	\N
294	SP-HR	Connexion réussie pour le matricule : SP-HR	2026-04-24 19:44:45.150965	LOGIN_SUCCESS	\N	\N	\N
295	SP-EMP1	Connexion réussie pour le matricule : SP-EMP1	2026-04-24 19:45:32.834584	LOGIN_SUCCESS	\N	\N	\N
296	SP-HR	Connexion réussie pour le matricule : SP-HR	2026-04-24 19:45:43.507975	LOGIN_SUCCESS	\N	\N	\N
297	SP-HRMGR	Connexion réussie pour le matricule : SP-HRMGR	2026-04-24 20:46:17.701298	LOGIN_SUCCESS	\N	\N	\N
298	SP-HRMGR	Changement de statut pour la demande de doc #28 vers APPROUVE	2026-04-24 20:49:14.330218	MUTATION	\N	\N	\N
299	SP-EMP4	Connexion réussie pour le matricule : SP-EMP4	2026-04-24 21:04:04.585055	LOGIN_SUCCESS	\N	\N	\N
300	SP-HRMGR	Connexion réussie pour le matricule : SP-HRMGR	2026-04-24 21:04:31.339492	LOGIN_SUCCESS	\N	\N	\N
301	SP-EMP1	Connexion réussie pour le matricule : SP-EMP1	2026-04-24 21:13:59.51272	LOGIN_SUCCESS	\N	\N	\N
302	SP-HRMGR	Connexion réussie pour le matricule : SP-HRMGR	2026-04-24 21:15:09.442853	LOGIN_SUCCESS	\N	\N	\N
303	SP-EMP	Connexion réussie pour le matricule : SP-EMP	2026-04-24 21:21:36.445303	LOGIN_SUCCESS	\N	\N	\N
304	SP-HRMGR	Connexion réussie pour le matricule : SP-HRMGR	2026-04-24 21:22:07.839635	LOGIN_SUCCESS	\N	\N	\N
305	SP-HR	Connexion réussie pour le matricule : SP-HR	2026-04-24 21:22:21.79286	LOGIN_SUCCESS	\N	\N	\N
306	SP-EMP	Connexion réussie pour le matricule : SP-EMP	2026-04-24 21:23:08.547177	LOGIN_SUCCESS	\N	\N	\N
307	SP-EMP1	Connexion réussie pour le matricule : SP-EMP1	2026-04-24 21:23:44.128805	LOGIN_SUCCESS	\N	\N	\N
308	SP-SEC1	Connexion réussie pour le matricule : SP-SEC1	2026-04-24 21:25:58.759753	LOGIN_SUCCESS	\N	\N	\N
309	SP-HRMGR	Connexion réussie pour le matricule : SP-HRMGR	2026-04-24 21:27:56.197194	LOGIN_SUCCESS	\N	\N	\N
310	SP-SUPER	Connexion réussie pour le matricule : SP-SUPER	2026-04-24 23:17:08.526826	LOGIN_SUCCESS	\N	\N	\N
311	SP-EMP1	Connexion réussie pour le matricule : SP-EMP1	2026-04-24 23:18:14.00511	LOGIN_SUCCESS	\N	\N	\N
312	SP-SUPER	Connexion réussie pour le matricule : SP-SUPER	2026-04-24 23:18:26.49781	LOGIN_SUCCESS	\N	\N	\N
313	SP-SUPER	Connexion réussie	2026-04-24 23:56:24.615282	LOGIN	SUCCESS	SUPER_ADMIN	AUTH
314	SP-SUPER	Connexion réussie	2026-04-25 00:03:39.6112	LOGIN	SUCCESS	SUPER_ADMIN	AUTH
315	SP-SUPER	Connexion réussie	2026-04-25 00:05:54.667022	LOGIN	SUCCESS	SUPER_ADMIN	AUTH
316	SP-HR	Connexion réussie	2026-04-25 00:14:22.11315	LOGIN	SUCCESS	RH_ADMIN	AUTH
317	SP-HRMGR	Connexion réussie	2026-04-25 00:16:10.616876	LOGIN	SUCCESS	HR_MANAGER	AUTH
318	SP-HR	Connexion réussie	2026-04-25 00:43:52.936037	LOGIN	SUCCESS	RH_ADMIN	AUTH
319	SP-HR	Connexion réussie	2026-04-25 01:10:57.764428	LOGIN	SUCCESS	RH_ADMIN	AUTH
320	SP-HR	Connexion réussie	2026-04-25 01:20:12.377334	LOGIN	SUCCESS	RH_ADMIN	AUTH
321	SP-HR	Connexion réussie	2026-04-25 01:21:16.627016	LOGIN	SUCCESS	RH_ADMIN	AUTH
322	SP-EMP	Connexion réussie	2026-04-25 01:21:48.529448	LOGIN	SUCCESS	MANAGER	AUTH
323	SP-HR	Connexion réussie	2026-04-25 01:28:05.365425	LOGIN	SUCCESS	RH_ADMIN	AUTH
324	SP-HR	Connexion réussie	2026-04-25 01:34:38.184258	LOGIN	SUCCESS	RH_ADMIN	AUTH
325	SP-HR	Connexion réussie	2026-04-25 01:36:55.979672	LOGIN	SUCCESS	RH_ADMIN	AUTH
326	SP-HR	Connexion réussie	2026-04-25 01:49:03.847896	LOGIN	SUCCESS	RH_ADMIN	AUTH
327	SP-HR	Connexion réussie	2026-04-25 01:55:12.280284	LOGIN	SUCCESS	RH_ADMIN	AUTH
328	SP-HRMGR	Connexion réussie	2026-04-25 02:53:28.708033	LOGIN	SUCCESS	HR_MANAGER	AUTH
329	EMP-1060	Connexion réussie	2026-04-25 02:56:27.408659	LOGIN	SUCCESS	EMPLOYE	AUTH
330	SP-SUPER	Connexion réussie	2026-04-25 13:37:12.814664	LOGIN	SUCCESS	SUPER_ADMIN	AUTH
331	SP-SUPER	Sauvegarde manuelle de la base de données déclenchée	2026-04-25 14:21:23.755509	BACKUP_MANUAL	SUCCESS	SUPER_ADMIN	DATABASE
332	SP-SUPER	Configuration email mise à jour	2026-04-25 14:31:20.59585	EMAIL_CONFIG_UPDATE	SUCCESS	SUPER_ADMIN	CONFIG
\.


--
-- Data for Name: bon_de_sortie; Type: TABLE DATA; Schema: public; Owner: postgres
--

COPY public.bon_de_sortie (id, duree_estimee_heures, heure_retour_reelle, heure_sortie_estimee, heure_sortie_reelle, statut, token_qr, demandeur_id, motif, heure_debut_autorisee, heure_fin_autorisee, id_requete_origine) FROM stdin;
\.


--
-- Data for Name: bon_sortie; Type: TABLE DATA; Schema: public; Owner: postgres
--

COPY public.bon_sortie (id_requete, heure_prevue, motif) FROM stdin;
\.


--
-- Data for Name: bulletin_paie; Type: TABLE DATA; Schema: public; Owner: postgres
--

COPY public.bulletin_paie (id, annee, date_generation, irg, mois, net_a_payer, primes, retenues_ss, salaire_base, id_user, autres_primes, iep, netapayer, prime_panier, prime_transport, retenuecnas, salaire_brut, date_consultation, date_publication, is_downloaded) FROM stdin;
\.


--
-- Data for Name: connection_log; Type: TABLE DATA; Schema: public; Owner: postgres
--

COPY public.connection_log (id, ip_address, matricule, result, "timestamp", user_agent) FROM stdin;
1	0:0:0:0:0:0:0:1	SP-SUPER	SUCCESS	2026-04-24 23:56:24.577655	Mozilla/5.0 (Windows NT 10.0; Win64; x64) AppleWebKit/537.36 (KHTML, like Gecko) Chrome/147.0.0.0 Safari/537.36
2	0:0:0:0:0:0:0:1	SP-SUPER	SUCCESS	2026-04-25 00:03:39.602819	Mozilla/5.0 (Windows NT 10.0; Win64; x64) AppleWebKit/537.36 (KHTML, like Gecko) Chrome/147.0.0.0 Safari/537.36
3	0:0:0:0:0:0:0:1	SP-SUPER	SUCCESS	2026-04-25 00:05:54.63074	Mozilla/5.0 (Windows NT 10.0; Win64; x64) AppleWebKit/537.36 (KHTML, like Gecko) Chrome/147.0.0.0 Safari/537.36
4	0:0:0:0:0:0:0:1	SP-HR	SUCCESS	2026-04-25 00:14:22.105369	Mozilla/5.0 (Windows NT 10.0; Win64; x64) AppleWebKit/537.36 (KHTML, like Gecko) Chrome/147.0.0.0 Safari/537.36
5	0:0:0:0:0:0:0:1	SP-HRMGR	SUCCESS	2026-04-25 00:16:10.610924	Mozilla/5.0 (Windows NT 10.0; Win64; x64) AppleWebKit/537.36 (KHTML, like Gecko) Chrome/147.0.0.0 Safari/537.36
6	0:0:0:0:0:0:0:1	SP-HR	SUCCESS	2026-04-25 00:43:52.927197	Mozilla/5.0 (Windows NT 10.0; Win64; x64) AppleWebKit/537.36 (KHTML, like Gecko) Chrome/147.0.0.0 Safari/537.36
7	0:0:0:0:0:0:0:1	SP-HR	FAILURE	2026-04-25 00:52:56.877139	Mozilla/5.0 (Windows NT 10.0; Win64; x64) AppleWebKit/537.36 (KHTML, like Gecko) Chrome/147.0.0.0 Safari/537.36
8	0:0:0:0:0:0:0:1	SP-HR	FAILURE	2026-04-25 00:53:06.945801	Mozilla/5.0 (Windows NT 10.0; Win64; x64) AppleWebKit/537.36 (KHTML, like Gecko) Chrome/147.0.0.0 Safari/537.36
9	0:0:0:0:0:0:0:1	SP-HR	FAILURE	2026-04-25 00:53:24.852309	Mozilla/5.0 (Windows NT 10.0; Win64; x64) AppleWebKit/537.36 (KHTML, like Gecko) Chrome/147.0.0.0 Safari/537.36
10	0:0:0:0:0:0:0:1	SP-HR	FAILURE	2026-04-25 00:53:40.799525	Mozilla/5.0 (Windows NT 10.0; Win64; x64) AppleWebKit/537.36 (KHTML, like Gecko) Chrome/147.0.0.0 Safari/537.36
11	0:0:0:0:0:0:0:1	SP-HR	FAILURE	2026-04-25 00:54:03.169196	Mozilla/5.0 (Windows NT 10.0; Win64; x64) AppleWebKit/537.36 (KHTML, like Gecko) Chrome/147.0.0.0 Safari/537.36
12	0:0:0:0:0:0:0:1	SP-HR	LOCKED	2026-04-25 00:54:19.415961	Mozilla/5.0 (Windows NT 10.0; Win64; x64) AppleWebKit/537.36 (KHTML, like Gecko) Chrome/147.0.0.0 Safari/537.36
13	0:0:0:0:0:0:0:1	SP-HR	LOCKED	2026-04-25 00:54:32.076468	Mozilla/5.0 (Windows NT 10.0; Win64; x64) AppleWebKit/537.36 (KHTML, like Gecko) Chrome/147.0.0.0 Safari/537.36
14	0:0:0:0:0:0:0:1	SP-HR	LOCKED	2026-04-25 00:54:48.49045	Mozilla/5.0 (Windows NT 10.0; Win64; x64) AppleWebKit/537.36 (KHTML, like Gecko) Chrome/147.0.0.0 Safari/537.36
15	0:0:0:0:0:0:0:1	SP-HR	LOCKED	2026-04-25 00:55:14.89585	Mozilla/5.0 (Windows NT 10.0; Win64; x64) AppleWebKit/537.36 (KHTML, like Gecko) Chrome/147.0.0.0 Safari/537.36
16	0:0:0:0:0:0:0:1	SP-HR	LOCKED	2026-04-25 00:55:32.095215	Mozilla/5.0 (Windows NT 10.0; Win64; x64) AppleWebKit/537.36 (KHTML, like Gecko) Chrome/147.0.0.0 Safari/537.36
17	0:0:0:0:0:0:0:1	SP-HR	LOCKED	2026-04-25 00:55:44.047108	Mozilla/5.0 (Windows NT 10.0; Win64; x64) AppleWebKit/537.36 (KHTML, like Gecko) Chrome/147.0.0.0 Safari/537.36
18	0:0:0:0:0:0:0:1	SP-HR	LOCKED	2026-04-25 00:56:12.839544	Mozilla/5.0 (Windows NT 10.0; Win64; x64) AppleWebKit/537.36 (KHTML, like Gecko) Chrome/147.0.0.0 Safari/537.36
19	0:0:0:0:0:0:0:1	SP-HR	LOCKED	2026-04-25 00:56:42.654461	Mozilla/5.0 (Windows NT 10.0; Win64; x64) AppleWebKit/537.36 (KHTML, like Gecko) Chrome/147.0.0.0 Safari/537.36
20	0:0:0:0:0:0:0:1	SP-HR	LOCKED	2026-04-25 00:57:27.014482	Mozilla/5.0 (Windows NT 10.0; Win64; x64) AppleWebKit/537.36 (KHTML, like Gecko) Chrome/147.0.0.0 Safari/537.36
21	0:0:0:0:0:0:0:1	SP-HR	LOCKED	2026-04-25 01:05:39.290774	Mozilla/5.0 (Windows NT 10.0; Win64; x64) AppleWebKit/537.36 (KHTML, like Gecko) Chrome/147.0.0.0 Safari/537.36
22	0:0:0:0:0:0:0:1	SP-HR	LOCKED	2026-04-25 01:05:46.467644	Mozilla/5.0 (Windows NT 10.0; Win64; x64) AppleWebKit/537.36 (KHTML, like Gecko) Chrome/147.0.0.0 Safari/537.36
23	0:0:0:0:0:0:0:1	SP-HR	SUCCESS	2026-04-25 01:10:57.758034	Mozilla/5.0 (Windows NT 10.0; Win64; x64) AppleWebKit/537.36 (KHTML, like Gecko) Chrome/147.0.0.0 Safari/537.36
24	0:0:0:0:0:0:0:1	SP-HR	SUCCESS	2026-04-25 01:20:12.363499	Mozilla/5.0 (Windows NT 10.0; Win64; x64) AppleWebKit/537.36 (KHTML, like Gecko) Chrome/147.0.0.0 Safari/537.36
25	0:0:0:0:0:0:0:1	SP-HR	SUCCESS	2026-04-25 01:21:16.612705	Mozilla/5.0 (Windows NT 10.0; Win64; x64) AppleWebKit/537.36 (KHTML, like Gecko) Chrome/147.0.0.0 Safari/537.36
26	0:0:0:0:0:0:0:1	SP-EMP	SUCCESS	2026-04-25 01:21:48.516994	Mozilla/5.0 (Windows NT 10.0; Win64; x64) AppleWebKit/537.36 (KHTML, like Gecko) Chrome/147.0.0.0 Safari/537.36
27	0:0:0:0:0:0:0:1	SP-HR	SUCCESS	2026-04-25 01:28:05.358655	Mozilla/5.0 (Windows NT 10.0; Win64; x64) AppleWebKit/537.36 (KHTML, like Gecko) Chrome/147.0.0.0 Safari/537.36
28	0:0:0:0:0:0:0:1	SP-HR	SUCCESS	2026-04-25 01:34:38.172803	Mozilla/5.0 (Windows NT 10.0; Win64; x64) AppleWebKit/537.36 (KHTML, like Gecko) Chrome/147.0.0.0 Safari/537.36
29	0:0:0:0:0:0:0:1	SP-HR	SUCCESS	2026-04-25 01:36:55.964125	Mozilla/5.0 (Windows NT 10.0; Win64; x64) AppleWebKit/537.36 (KHTML, like Gecko) Chrome/147.0.0.0 Safari/537.36
30	0:0:0:0:0:0:0:1	SP-HR	SUCCESS	2026-04-25 01:49:03.712715	Mozilla/5.0 (Windows NT 10.0; Win64; x64) AppleWebKit/537.36 (KHTML, like Gecko) Chrome/147.0.0.0 Safari/537.36
31	0:0:0:0:0:0:0:1	SP-HR	SUCCESS	2026-04-25 01:55:12.219408	Mozilla/5.0 (Windows NT 10.0; Win64; x64) AppleWebKit/537.36 (KHTML, like Gecko) Chrome/147.0.0.0 Safari/537.36
32	0:0:0:0:0:0:0:1	SP-HRMGR	FAILURE	2026-04-25 02:52:55.087432	Mozilla/5.0 (Windows NT 10.0; Win64; x64) AppleWebKit/537.36 (KHTML, like Gecko) Chrome/147.0.0.0 Safari/537.36
33	0:0:0:0:0:0:0:1	SP-HRMGR	FAILURE	2026-04-25 02:52:56.264327	Mozilla/5.0 (Windows NT 10.0; Win64; x64) AppleWebKit/537.36 (KHTML, like Gecko) Chrome/147.0.0.0 Safari/537.36
34	0:0:0:0:0:0:0:1	SP-HRMGR	FAILURE	2026-04-25 02:53:00.13184	Mozilla/5.0 (Windows NT 10.0; Win64; x64) AppleWebKit/537.36 (KHTML, like Gecko) Chrome/147.0.0.0 Safari/537.36
35	0:0:0:0:0:0:0:1	SP-HRMGR	SUCCESS	2026-04-25 02:53:28.700962	Mozilla/5.0 (Windows NT 10.0; Win64; x64) AppleWebKit/537.36 (KHTML, like Gecko) Chrome/147.0.0.0 Safari/537.36
36	0:0:0:0:0:0:0:1	EMP-1060	SUCCESS	2026-04-25 02:56:27.402363	Mozilla/5.0 (Windows NT 10.0; Win64; x64) AppleWebKit/537.36 (KHTML, like Gecko) Chrome/147.0.0.0 Safari/537.36
37	0:0:0:0:0:0:0:1	SP-SUPER	SUCCESS	2026-04-25 13:37:12.768119	Mozilla/5.0 (Windows NT 10.0; Win64; x64) AppleWebKit/537.36 (KHTML, like Gecko) Chrome/147.0.0.0 Safari/537.36
\.


--
-- Data for Name: demande_administrative; Type: TABLE DATA; Schema: public; Owner: postgres
--

COPY public.demande_administrative (details_supplementaires, nouveau_statut_marital, nouveau_telephone, nouvelle_adresse, type_demande, id_requete, nouvelles_donnees_json) FROM stdin;
\N	\N	\N	\N	MODIFICATION_PROFIL	11	{"telephone":"0555998877","poste":"","departement":"R&D","contactUrgence":""}
\N	\N	\N	\N	MODIFICATION_PROFIL	12	{"telephone":"0555998877","poste":"","departement":"R&D","contactUrgence":""}
\N	\N	\N	\N	MODIFICATION_PROFIL	13	{"telephone":"0555998877","poste":"","departement":"R&D","contactUrgence":""}
\N	\N	\N	\N	MODIFICATION_PROFIL	14	{"telephone":"0555998877","poste":"","departement":"R&D","contactUrgence":""}
Verification du systeme de synchronisation	MARIÉ			SITUATION_FAMILIALE	15	\N
		0123456789		CONTACT	16	\N
\.


--
-- Data for Name: demande_conge; Type: TABLE DATA; Schema: public; Owner: postgres
--

COPY public.demande_conge (id_requete, date_debut, date_fin, id_type_conge, motif) FROM stdin;
25	2026-04-26	2026-05-01	14	Test de synchronisation
26	2026-05-01	2026-05-15	\N	
27	2026-04-25	2026-04-26	\N	
\.


--
-- Data for Name: demande_doc; Type: TABLE DATA; Schema: public; Owner: postgres
--

COPY public.demande_doc (id_requete, type_document, id_fichier_genere) FROM stdin;
\.


--
-- Data for Name: demande_document; Type: TABLE DATA; Schema: public; Owner: postgres
--

COPY public.demande_document (type_document, id_requete, annee, mois, heure_debut, heure_fin) FROM stdin;
ATTESTATION_TRAVAIL	6	\N	\N	\N	\N
BON_SORTIE	21	\N	\N	14:30	15:30
BON_SORTIE	23	\N	\N	14:30	16:30
BON_SORTIE	24	\N	\N	14:30	16:30
ATTESTATION_SALAIRE	28	\N	\N	\N	\N
BON_SORTIE	29	\N	\N	15:30	16:30
BON_SORTIE	30	\N	\N	15:30	16:30
BON_SORTIE	31	\N	\N	09:00	10:00
\.


--
-- Data for Name: demande_regularisation; Type: TABLE DATA; Schema: public; Owner: postgres
--

COPY public.demande_regularisation (heure_proposee, motif_regularisation, type_regularisation, id_requete, id_pointage) FROM stdin;
\.


--
-- Data for Name: departement; Type: TABLE DATA; Schema: public; Owner: postgres
--

COPY public.departement (id_dept, nom_dept, id_manager) FROM stdin;
5	VENTES	\N
6	PRODUCTION	3
7	INFORMATIQUE	11
9	RESSOURCES HUMAINES	8
8	SECURITE	19
\.


--
-- Data for Name: document_entreprise; Type: TABLE DATA; Schema: public; Owner: postgres
--

COPY public.document_entreprise (id, categorie, date_publication, description, file_url, is_public, titre, version, content) FROM stdin;
3	REGLEMENT	2026-04-23 03:53:19.535627	Ancienne version.\r\n 	/uploads/docs/Titre_Conge.pdf	t	Reglement 2026 v1	1.01.0	\N
4	REGLEMENT	2026-04-23 03:53:43.247694	Ceci est la nouvelle version qui doit tout remplacer.	/uploads/docs/Attestation_Salaire.pdf	t	Reglement 2026 v2 (Nouveau)	1.02.0	\N
\.


--
-- Data for Name: document_template; Type: TABLE DATA; Schema: public; Owner: postgres
--

COPY public.document_template (id, description, file_url, mapping_json, nom, type_document, active, categorie) FROM stdin;
\.


--
-- Data for Name: email_config; Type: TABLE DATA; Schema: public; Owner: postgres
--

COPY public.email_config (id, entreprise_nom, smtp_host, smtp_pass, smtp_port, smtp_secure, smtp_user, url_connexion, welcome_email_body, welcome_email_subject) FROM stdin;
1	SomePharm	smtp.ethereal.email	ruVYzZfzffG2SNmDTg	587	f	\tardella45@ethereal.email	http://localhost:3000/login	<p>Bonjour&nbsp;{{PRENOM}}&nbsp;{{NOM}},&nbsp;Votre&nbsp;compte&nbsp;a&nbsp;été&nbsp;créé&nbsp;et&nbsp;activé.&nbsp;Voici&nbsp;vos&nbsp;informations&nbsp;de&nbsp;connexion&nbsp;:&nbsp;Matricule&nbsp;:&nbsp;{{MATRICULE}}&nbsp;Mot&nbsp;de&nbsp;passe&nbsp;temporaire&nbsp;:&nbsp;{{MOT_DE_PASSE_TEMPORAIRE}}&nbsp;Connectez-vous&nbsp;ici&nbsp;:&nbsp;{{URL_CONNEXION}}&nbsp;IMPORTANT&nbsp;:&nbsp;Lors&nbsp;de&nbsp;votre&nbsp;première&nbsp;connexion,&nbsp;vous&nbsp;serez&nbsp;obligé(e)&nbsp;de&nbsp;définir&nbsp;un&nbsp;nouveau&nbsp;mot&nbsp;de&nbsp;passe&nbsp;personnel.&nbsp;Ce&nbsp;mot&nbsp;de&nbsp;passe&nbsp;temporaire&nbsp;ne&nbsp;fonctionnera&nbsp;qu&#39;une&nbsp;seule&nbsp;fois.&nbsp;Cordialement,&nbsp;L&#39;équipe&nbsp;IT&nbsp;—&nbsp;{{NOM_ENTREPRISE}}</p>	Bienvenue {{PRENOM}} — Vos accès à l'application RH
\.


--
-- Data for Name: etape_validation; Type: TABLE DATA; Schema: public; Owner: postgres
--

COPY public.etape_validation (id_etape, niveau, decision_prise, commentaire_refus, date_traitement, id_requete, id_validateur) FROM stdin;
\.


--
-- Data for Name: fichier_attache; Type: TABLE DATA; Schema: public; Owner: postgres
--

COPY public.fichier_attache (id_fichier, chemin_url, type_mime, taille_ko) FROM stdin;
\.


--
-- Data for Name: historique_chatbot; Type: TABLE DATA; Schema: public; Owner: postgres
--

COPY public.historique_chatbot (id_chat, prompt_employe, reponse_ia, date_interaction, id_user) FROM stdin;
\.


--
-- Data for Name: jour_ferie; Type: TABLE DATA; Schema: public; Owner: postgres
--

COPY public.jour_ferie (id, date, is_recurrent, nom) FROM stdin;
1	2026-01-01	t	Jour de l'An
2	2026-01-12	t	Yennayer (Nouvel An Berbère)
3	2026-05-01	t	Fête du Travail
4	2026-07-05	t	Fête de l'Indépendance
5	2026-11-01	t	Déclenchement de la Révolution
6	2026-03-30	t	Aïd el-Fitr
7	2026-06-06	t	Aïd el-Adha
\.


--
-- Data for Name: notification; Type: TABLE DATA; Schema: public; Owner: postgres
--

COPY public.notification (id_notification, id_user, is_read, message, "timestamp") FROM stdin;
5	4	f	Votre demande de congé #7 a été mise à jour : nouveau statut [VALIDE_MANAGER].	2026-04-18 13:48:40.908478
6	4	f	Votre demande de congé #7 a été mise à jour : nouveau statut [APPROUVE].	2026-04-18 15:33:17.668453
7	4	f	Votre demande administrative #15 a été mise à jour : [APPROUVÉ]	2026-04-18 18:27:24.260802
8	4	f	Votre demande administrative #16 a été mise à jour : [APPROUVÉ]	2026-04-18 18:30:47.814856
9	4	f	Votre demande administrative #14 a été mise à jour : [REFUSE]	2026-04-18 19:20:11.022937
10	3	f	Votre demande de congé #8 a été mise à jour : nouveau statut [VALIDE_MANAGER].	2026-04-19 04:08:01.542318
11	4	f	Votre demande de congé #20 a été mise à jour : nouveau statut [VALIDE_MANAGER].	2026-04-19 12:37:33.492063
12	4	f	Votre demande de congé #22 a été mise à jour : nouveau statut [VALIDE_MANAGER].	2026-04-20 10:20:52.127984
13	4	f	Votre demande de congé #20 a été mise à jour : nouveau statut [APPROUVE].	2026-04-21 17:51:00.182336
14	4	f	Votre demande de document #6 a été mise à jour : nouveau statut [APPROUVE].	2026-04-21 17:52:02.953557
15	4	f	Votre demande de document #21 a été mise à jour : nouveau statut [APPROUVE].	2026-04-21 17:52:48.942779
16	4	f	Votre demande de document #23 a été mise à jour : nouveau statut [APPROUVE].	2026-04-21 18:10:16.911676
17	4	f	Votre demande de document #24 a été mise à jour : nouveau statut [APPROUVE].	2026-04-21 21:11:57.188182
18	4	f	Votre demande de congé #22 a été mise à jour : nouveau statut [APPROUVE].	2026-04-21 21:12:24.390917
19	4	f	Votre demande de congé #26 a été mise à jour : nouveau statut [VALIDE_MANAGER].	2026-04-22 00:08:34.261831
20	4	f	Votre demande de congé #26 a été mise à jour : nouveau statut [ATTENTE].	2026-04-22 00:45:02.064529
21	4	f	Votre demande administrative #11 a été mise à jour : [REFUSE]	2026-04-22 00:45:11.703766
22	4	f	Votre demande administrative #12 a été mise à jour : [APPROUVE]	2026-04-22 00:45:16.097909
23	4	f	Votre demande administrative #13 a été mise à jour : [APPROUVE]	2026-04-22 00:45:31.815717
24	9	f	Votre demande de congé #27 a été mise à jour : nouveau statut [VALIDE_MANAGER].	2026-04-24 18:21:02.375951
25	9	f	Votre demande de document #31 a été mise à jour : nouveau statut [APPROUVE].	2026-04-24 19:41:14.489157
26	19	f	Votre demande de document #28 a été mise à jour : nouveau statut [APPROUVE].	2026-04-24 20:49:14.333943
\.


--
-- Data for Name: pointage; Type: TABLE DATA; Schema: public; Owner: postgres
--

COPY public.pointage (id_pointage, date_jour, heure_entree, heure_sortie, statut_presence, id_user, statut, id_utilisateur, date_modification, horodatage, latitude, longitude, methode, modification_reason, modified_by, type_pointage, is_modified_manually) FROM stdin;
5	2026-04-19	12:10:39.368	12:10:44.624	\N	\N	EN_RETARD	4	\N	\N	\N	\N	\N	\N	\N	\N	\N
6	2026-04-20	09:38:48.1	09:38:56.431	\N	\N	EN_RETARD	4	\N	\N	\N	\N	\N	\N	\N	\N	\N
7	\N	\N	\N	\N	\N	RETARD	4	\N	2026-04-22 23:45:30.45237	\N	\N	WEB	\N	\N	ENTREE	f
8	\N	\N	\N	\N	\N	REGULARISE	4	2026-04-23 00:27:53.785931	2026-04-22 17:30:00	\N	\N	ADMIN_MANUAL	Oubli de pointage	SP-HR	SORTIE	t
9	\N	\N	\N	\N	\N	RETARD	9	\N	2026-04-24 19:45:34.301736	\N	\N	WEB	\N	\N	ENTREE	f
10	\N	\N	\N	\N	\N	OK	9	\N	2026-04-24 19:45:35.385945	\N	\N	WEB	\N	\N	SORTIE	f
11	\N	\N	\N	\N	\N	RETARD	12	\N	2026-04-24 21:04:10.422824	\N	\N	WEB	\N	\N	ENTREE	f
12	\N	\N	\N	\N	\N	REGULARISE	12	2026-04-24 21:07:38.898054	2026-04-24 22:07:00	\N	\N	ADMIN_MANUAL	RETARD 	SP-HRMGR	SORTIE	t
\.


--
-- Data for Name: poste; Type: TABLE DATA; Schema: public; Owner: postgres
--

COPY public.poste (id_poste, titre_poste, effectif_minimum, description, titre, id_dept) FROM stdin;
15	RESPONSABLE DE VENTES	1	\N	RESPONSABLE DE VENTES	5
16	RESPONSABLE DE PRODUCTION	1	\N	RESPONSABLE DE PRODUCTION	6
17	RESPONSABLE DE INFORMATIQUE	1	\N	RESPONSABLE DE INFORMATIQUE	7
18	legacy_value	1	\N	EMPLOYE_INF	7
19	legacy_value	1	\N	EMPLOYE_PRO	6
20	legacy_value	1	\N	EMPLOYE_VEN	5
21	RESPONSABLE DE SECURITE	1	\N	RESPONSABLE DE SECURITE	8
22	RESPONSABLE DE RESSOURCES HUMAINES	1	\N	RESPONSABLE DE RESSOURCES HUMAINES	9
\.


--
-- Data for Name: privilege; Type: TABLE DATA; Schema: public; Owner: postgres
--

COPY public.privilege (id_privilege, nom_privilege) FROM stdin;
\.


--
-- Data for Name: profil_rh; Type: TABLE DATA; Schema: public; Owner: postgres
--

COPY public.profil_rh (id_profil, nom, prenom, date_embauche, id_user, id_dept, id_poste) FROM stdin;
\.


--
-- Data for Name: requete; Type: TABLE DATA; Schema: public; Owner: postgres
--

COPY public.requete (id_requete, local_sync_uuid, statut_cycle_vie, date_soumission, id_user, commentaire_action, description, last_nudged_at, is_urgent, nudge_count, commentaire_manager, date_action_manager, date_arrivee_rh, justificatif_url, nom_manager_action, current_step_index) FROM stdin;
15	\N	APPROUVÉ	2026-04-18 18:04:31.357134	4		\N	\N	f	0	\N	\N	2026-04-18 18:04:31.357134	\N	\N	\N
16	\N	APPROUVÉ	2026-04-18 18:09:23.721003	4		\N	\N	f	0	\N	\N	2026-04-18 18:09:23.721003	\N	\N	\N
14	\N	REFUSE	2026-04-18 16:57:11.459947	4	TEST pour le refus	Changement suite mise a jour coordonnees	\N	f	0	\N	\N	2026-04-18 16:57:11.459947	\N	\N	\N
6	\N	APPROUVÉ	2026-04-18 04:13:00.069592	4			\N	f	0	\N	\N	\N	\N	\N	\N
21	\N	APPROUVÉ	2026-04-19 12:19:48.262549	4		7abit nkhrj\n	\N	f	0	\N	\N	\N	\N	\N	\N
23	\N	APPROUVÉ	2026-04-20 09:45:26.806153	4		SORTIE	\N	f	0	\N	\N	\N	\N	\N	\N
24	\N	APPROUVÉ	2026-04-20 09:45:50.983911	4		SORTIE 2\n	\N	f	0	\N	\N	\N	\N	\N	\N
25	\N	EN_ATTENTE_MANAGER	2026-04-21 23:55:48.643289	4	\N	Demande de test synced	\N	f	0	\N	\N	\N	\N	\N	\N
26	\N	ATTENTE	2026-04-22 00:07:20.858503	4	a	\N	\N	f	0	\N	\N	\N	\N	\N	\N
11	\N	REFUSE	2026-04-18 16:13:49.166061	4	a	Changement suite mise 	\N	f	0	\N	\N	2026-04-18 16:13:49.166061	\N	\N	\N
12	\N	APPROUVÉ	2026-04-18 16:14:31.785214	4		Changement suite mise a jour coordonnees	\N	f	0	\N	\N	2026-04-18 16:14:31.785214	\N	\N	\N
13	\N	APPROUVÉ	2026-04-18 16:55:54.218384	4		Changement suite mise 	\N	f	0	\N	\N	2026-04-18 16:55:54.218384	\N	\N	\N
27	\N	VALIDE_MANAGER	2026-04-24 18:20:27.175275	9		\N	\N	f	0	\N	\N	\N	\N	\N	\N
29	\N	ANNULÉ	2026-04-24 19:07:58.483476	9	\N	sortie test avec conditions implémentés	\N	f	0	\N	\N	\N	\N	\N	\N
30	\N	ANNULÉ	2026-04-24 19:08:19.273171	9	\N	sortie test avec conditions implémentés (non annulées)	\N	f	0	\N	\N	\N	\N	\N	\N
31	\N	APPROUVÉ	2026-04-24 19:35:46.284916	9		a	\N	f	0	\N	\N	\N	\N	\N	\N
28	\N	APPROUVÉ	2026-04-24 18:28:36.3288	19			\N	f	0	\N	\N	\N	\N	\N	\N
\.


--
-- Data for Name: role; Type: TABLE DATA; Schema: public; Owner: postgres
--

COPY public.role (id_role, nom_role) FROM stdin;
3	MANAGER
4	EMPLOYE
1	RH_ADMIN
5	SUPER_ADMIN
6	HR_MANAGER
7	SECURITY_AGENTS
\.


--
-- Data for Name: role_privilege; Type: TABLE DATA; Schema: public; Owner: postgres
--

COPY public.role_privilege (id_role, id_privilege) FROM stdin;
\.


--
-- Data for Name: site; Type: TABLE DATA; Schema: public; Owner: postgres
--

COPY public.site (id_site, adresse, nom_site, ville) FROM stdin;
1	BIR	BIRKHADEM LOC	BIRKHADEM
\.


--
-- Data for Name: solde_conge; Type: TABLE DATA; Schema: public; Owner: postgres
--

COPY public.solde_conge (id_solde, jours_restants, heures_recup, id_user, id_type_conge) FROM stdin;
\.


--
-- Data for Name: system_config; Type: TABLE DATA; Schema: public; Owner: postgres
--

COPY public.system_config (id_config, company_name, last_backup_date, maintenance_mode, working_hours_end, working_hours_start, cachet_entreprise_url, drh_signature_url, tolerance_minutes, urgency_delay_hours, signature_placement, signature_x, signature_y, stamp_x, stamp_y, description, config_value, id, lockout_duration_minutes, max_failed_attempts, qr_code_lifetime_minutes) FROM stdin;
1	SomePharm Distribution	\N	f	16:40	08:30	\N	\N	15	48	\N	400	100	100	100	\N	\N	1	\N	\N	\N
\.


--
-- Data for Name: tag; Type: TABLE DATA; Schema: public; Owner: postgres
--

COPY public.tag (id_tag, nom_tag) FROM stdin;
\.


--
-- Data for Name: terminal; Type: TABLE DATA; Schema: public; Owner: postgres
--

COPY public.terminal (id, created_at, last_activity, model, status, terminal_id, assigned_user_id) FROM stdin;
\.


--
-- Data for Name: ticket_rh; Type: TABLE DATA; Schema: public; Owner: postgres
--

COPY public.ticket_rh (id_ticket, sujet, message_confidentiel, statut_resolution, id_user, id_fichier_preuve) FROM stdin;
\.


--
-- Data for Name: type_conge; Type: TABLE DATA; Schema: public; Owner: postgres
--

COPY public.type_conge (id_type_conge, couleur_hex, description, justificatif_obligatoire, nom, quota_initial) FROM stdin;
15	#EF4444	Déclaration obligatoire dans les 48h avec certificat médical.	t	Maladie	0
17	#F59E0B	Soumis à la présentation d'un acte de mariage officiel.	t	Mariage	3
18	#8B5CF6	Pour le père de famille, à prendre dans les 15 jours.	t	Naissance	3
19	#6B7280	Ascendants, descendants ou conjoint (3 jours).	t	Décès	3
20	#10B981	Compensation des heures supplémentaires effectuées.	f	Récupération	0
21	#059669	Une fois dans la carrière pour le Hadj (Titre de transport requis).	t	Pèlerinage	30
22	#94A3B8	Absence exceptionnelle non rémunérée.	f	Congé Sans Solde	0
14	#3B82F6	Droit standard acquis après 12 mois de service.	f	Congé Annuel	28
16	#EC4899	98 jours pour maternité, 3 jours pour paternité.	t	Maternité / Paternité	100
\.


--
-- Data for Name: utilisateur; Type: TABLE DATA; Schema: public; Owner: postgres
--

COPY public.utilisateur (id_user, matricule, email, mot_de_passe, statut_compte, id_role, departement, nom, prenom, solde_conges, telephone, contact_urgence, date_embauche, date_naissance, photo_url, poste, id_manager_direct, must_change_password, id_site, activation_date, password_reset_requested, password_status, failed_login_attempts, is_ghost_mode_active, lockout_until, temporary_password) FROM stdin;
9	SP-EMP1	emp1@somepharm.com	$2a$10$EPIWwlTdIVJ3RBXwvp86vO64sHbCGVZxZeQ7bBwPjJ9h8JQC7Ib/2	ACTIF	4	INFORMATIQUE	Employé	1	30	\N	\N	\N	\N	\N	EMPLOYE_INF	11	f	1	\N	\N	\N	\N	\N	\N	\N
11	SP-EMP3	emp3@somepharm.com	$2a$10$EPIWwlTdIVJ3RBXwvp86vO64sHbCGVZxZeQ7bBwPjJ9h8JQC7Ib/2	ACTIF	3	INFORMATIQUE	Employé	3	30	\N	\N	\N	\N	\N	RESPONSABLE DE INFORMATIQUE	\N	f	1	\N	\N	\N	\N	\N	\N	\N
8	SP-HRMGR	hrmanager@somepharm.dz	$2a$10$Tc.9Sh58aUlqLoFEWrMG0OtCsRkefju.gdK.F0MllrHP/fqYsJnBa	ACTIF	6	RESSOURCES HUMAINES	Manager	HR	30	\N	\N	\N	\N	\N	RESPONSABLE DE RESSOURCES HUMAINES	\N	f	1	\N	f	MODIFIE	0	\N	\N	\N
10	SP-EMP2	emp2@somepharm.dz	$2a$10$O5ZInPxwVuXR.vT2dLksHOclzB0NKlLu7XFDZDd1suyoSAHTle6Vu	ACTIF	4	VENTE	Subordinate	Two	30	\N	\N	\N	\N	\N	RESPONSABLE DES VENTES	\N	f	1	\N	\N	\N	\N	\N	\N	\N
40	EMP-1060	TEST@GMAIL.COM	$2a$10$w8lUWQlcA64GYWWlHPHo2enRAwuJli0UFdTwVUmGEHB5i37Tm2DLu	ACTIF	4	PRODUCTION	TEST	GENERATED	30	\N	\N	2026-04-25	\N	\N	EMPLOYE_PRO	3	f	1	2026-04-25	f	MODIFIE	0	f	\N	\N
3	SP-MGR	manager@somepharm.dz	$2a$10$EPIWwlTdIVJ3RBXwvp86vO64sHbCGVZxZeQ7bBwPjJ9h8JQC7Ib/2	ACTIF	3	PRODUCTION	Manager	Team	30	\N	\N	\N	\N	\N	RESPONSABLE DE PRODUCTION	\N	f	1	\N	\N	\N	\N	\N	\N	\N
12	SP-EMP4	emp4@somepharm.com	$2a$10$EPIWwlTdIVJ3RBXwvp86vO64sHbCGVZxZeQ7bBwPjJ9h8JQC7Ib/2	ACTIF	4	Général	Employé	4	30	\N	\N	\N	\N	\N	\N	\N	f	\N	\N	\N	\N	\N	\N	\N	\N
13	SP-EMP5	emp5@somepharm.com	$2a$10$EPIWwlTdIVJ3RBXwvp86vO64sHbCGVZxZeQ7bBwPjJ9h8JQC7Ib/2	ACTIF	4	Général	Employé	5	30	\N	\N	\N	\N	\N	\N	\N	f	\N	\N	\N	\N	\N	\N	\N	\N
14	SP-EMP6	emp6@somepharm.com	$2a$10$EPIWwlTdIVJ3RBXwvp86vO64sHbCGVZxZeQ7bBwPjJ9h8JQC7Ib/2	ACTIF	4	Général	Employé	6	30	\N	\N	\N	\N	\N	\N	\N	f	\N	\N	\N	\N	\N	\N	\N	\N
15	SP-EMP7	emp7@somepharm.com	$2a$10$EPIWwlTdIVJ3RBXwvp86vO64sHbCGVZxZeQ7bBwPjJ9h8JQC7Ib/2	ACTIF	4	Général	Employé	7	30	\N	\N	\N	\N	\N	\N	\N	f	\N	\N	\N	\N	\N	\N	\N	\N
16	SP-EMP8	emp8@somepharm.com	$2a$10$EPIWwlTdIVJ3RBXwvp86vO64sHbCGVZxZeQ7bBwPjJ9h8JQC7Ib/2	ACTIF	4	Général	Employé	8	30	\N	\N	\N	\N	\N	\N	\N	f	\N	\N	\N	\N	\N	\N	\N	\N
17	SP-EMP9	emp9@somepharm.com	$2a$10$EPIWwlTdIVJ3RBXwvp86vO64sHbCGVZxZeQ7bBwPjJ9h8JQC7Ib/2	ACTIF	4	Général	Employé	9	30	\N	\N	\N	\N	\N	\N	\N	f	\N	\N	\N	\N	\N	\N	\N	\N
18	SP-EMP10	emp10@somepharm.com	$2a$10$EPIWwlTdIVJ3RBXwvp86vO64sHbCGVZxZeQ7bBwPjJ9h8JQC7Ib/2	ACTIF	4	Général	Employé	10	30	\N	\N	\N	\N	\N	\N	\N	f	\N	\N	\N	\N	\N	\N	\N	\N
19	SP-SEC1	sec1@somepharm.com	$2a$10$EPIWwlTdIVJ3RBXwvp86vO64sHbCGVZxZeQ7bBwPjJ9h8JQC7Ib/2	ACTIF	3	SECURITE	Agent Sécurité	1	30	\N	\N	\N	\N	\N	RESPONSABLE DE SECURITE	\N	f	\N	\N	\N	\N	\N	\N	\N	\N
20	SP-SEC2	sec2@somepharm.com	$2a$10$EPIWwlTdIVJ3RBXwvp86vO64sHbCGVZxZeQ7bBwPjJ9h8JQC7Ib/2	ACTIF	3	SECURITE	Agent Sécurité	2	30	\N	\N	\N	\N	\N	RESPONSABLE DE SECURITE	19	f	\N	\N	\N	\N	\N	\N	\N	\N
4	SP-EMP	employe@somepharm.dz	$2a$10$EPIWwlTdIVJ3RBXwvp86vO64sHbCGVZxZeQ7bBwPjJ9h8JQC7Ib/2	ACTIF	3	VENTES	Employe	Test	7	0123456789	\N	\N	\N	\N	RESPONSABLE DE VENTES	\N	f	1	\N	\N	\N	0	\N	\N	\N
1	SP-SUPER	superadmin@somepharm.dz	$2a$10$EPIWwlTdIVJ3RBXwvp86vO64sHbCGVZxZeQ7bBwPjJ9h8JQC7Ib/2	ACTIF	5	\N	Admin	Super	30	\N	\N	\N	\N	\N	\N	\N	f	\N	\N	t	\N	0	\N	\N	\N
2	SP-HR	hr@somepharm.dz	$2a$10$YKKG2HhcCzEbkXhc89hyXuoq5X.dN5bCaVLWDDi.WwcoJu5nd44T6	ACTIF	1	RESSOURCES HUMAINES	Manager	RH	30	\N	\N	\N	\N	\N	CHARGE RH	8	f	\N	\N	\N	\N	0	\N	\N	\N
\.


--
-- Data for Name: workflow_bypass_rule; Type: TABLE DATA; Schema: public; Owner: postgres
--

COPY public.workflow_bypass_rule (id_rule, actif, condition_type, etape_ignoree, nom, seuil_heures) FROM stdin;
\.


--
-- Data for Name: workflow_circuit; Type: TABLE DATA; Schema: public; Owner: postgres
--

COPY public.workflow_circuit (id_circuit, actif, description, nom) FROM stdin;
\.


--
-- Data for Name: workflow_definition; Type: TABLE DATA; Schema: public; Owner: postgres
--

COPY public.workflow_definition (id, active, description, type_requete) FROM stdin;
\.


--
-- Data for Name: workflow_delegation; Type: TABLE DATA; Schema: public; Owner: postgres
--

COPY public.workflow_delegation (id_delegation, actif, date_debut, date_fin, id_delegue, id_titulaire) FROM stdin;
\.


--
-- Data for Name: workflow_etape; Type: TABLE DATA; Schema: public; Owner: postgres
--

COPY public.workflow_etape (id_etape, action_expiration, delai_heures, label, optionnel, ordre, role_validateur, id_circuit) FROM stdin;
\.


--
-- Data for Name: workflow_mapping; Type: TABLE DATA; Schema: public; Owner: postgres
--

COPY public.workflow_mapping (id_mapping, type_requete, id_circuit) FROM stdin;
\.


--
-- Data for Name: workflow_step; Type: TABLE DATA; Schema: public; Owner: postgres
--

COPY public.workflow_step (id, action_expiration, delai_heures, notification_demandeur, optional, ordre, role_validateur, id_workflow) FROM stdin;
\.


--
-- Name: annonce_id_annonce_seq; Type: SEQUENCE SET; Schema: public; Owner: postgres
--

SELECT pg_catalog.setval('public.annonce_id_annonce_seq', 5, true);


--
-- Name: annonce_lecture_id_lecture_seq; Type: SEQUENCE SET; Schema: public; Owner: postgres
--

SELECT pg_catalog.setval('public.annonce_lecture_id_lecture_seq', 27, true);


--
-- Name: audit_log_id_log_seq; Type: SEQUENCE SET; Schema: public; Owner: postgres
--

SELECT pg_catalog.setval('public.audit_log_id_log_seq', 332, true);


--
-- Name: bon_de_sortie_id_seq; Type: SEQUENCE SET; Schema: public; Owner: postgres
--

SELECT pg_catalog.setval('public.bon_de_sortie_id_seq', 5, true);


--
-- Name: bulletin_paie_id_seq; Type: SEQUENCE SET; Schema: public; Owner: postgres
--

SELECT pg_catalog.setval('public.bulletin_paie_id_seq', 6, true);


--
-- Name: connection_log_id_seq; Type: SEQUENCE SET; Schema: public; Owner: postgres
--

SELECT pg_catalog.setval('public.connection_log_id_seq', 37, true);


--
-- Name: departement_id_dept_seq; Type: SEQUENCE SET; Schema: public; Owner: postgres
--

SELECT pg_catalog.setval('public.departement_id_dept_seq', 9, true);


--
-- Name: document_entreprise_id_seq; Type: SEQUENCE SET; Schema: public; Owner: postgres
--

SELECT pg_catalog.setval('public.document_entreprise_id_seq', 4, true);


--
-- Name: document_template_id_seq; Type: SEQUENCE SET; Schema: public; Owner: postgres
--

SELECT pg_catalog.setval('public.document_template_id_seq', 1, false);


--
-- Name: email_config_id_seq; Type: SEQUENCE SET; Schema: public; Owner: postgres
--

SELECT pg_catalog.setval('public.email_config_id_seq', 1, true);


--
-- Name: etape_validation_id_etape_seq; Type: SEQUENCE SET; Schema: public; Owner: postgres
--

SELECT pg_catalog.setval('public.etape_validation_id_etape_seq', 1, false);


--
-- Name: fichier_attache_id_fichier_seq; Type: SEQUENCE SET; Schema: public; Owner: postgres
--

SELECT pg_catalog.setval('public.fichier_attache_id_fichier_seq', 1, false);


--
-- Name: historique_chatbot_id_chat_seq; Type: SEQUENCE SET; Schema: public; Owner: postgres
--

SELECT pg_catalog.setval('public.historique_chatbot_id_chat_seq', 1, false);


--
-- Name: jour_ferie_id_seq; Type: SEQUENCE SET; Schema: public; Owner: postgres
--

SELECT pg_catalog.setval('public.jour_ferie_id_seq', 7, true);


--
-- Name: notification_id_notification_seq; Type: SEQUENCE SET; Schema: public; Owner: postgres
--

SELECT pg_catalog.setval('public.notification_id_notification_seq', 26, true);


--
-- Name: pointage_id_pointage_seq; Type: SEQUENCE SET; Schema: public; Owner: postgres
--

SELECT pg_catalog.setval('public.pointage_id_pointage_seq', 12, true);


--
-- Name: poste_id_poste_seq; Type: SEQUENCE SET; Schema: public; Owner: postgres
--

SELECT pg_catalog.setval('public.poste_id_poste_seq', 22, true);


--
-- Name: privilege_id_privilege_seq; Type: SEQUENCE SET; Schema: public; Owner: postgres
--

SELECT pg_catalog.setval('public.privilege_id_privilege_seq', 1, false);


--
-- Name: profil_rh_id_profil_seq; Type: SEQUENCE SET; Schema: public; Owner: postgres
--

SELECT pg_catalog.setval('public.profil_rh_id_profil_seq', 1, false);


--
-- Name: requete_id_requete_seq; Type: SEQUENCE SET; Schema: public; Owner: postgres
--

SELECT pg_catalog.setval('public.requete_id_requete_seq', 31, true);


--
-- Name: role_id_role_seq; Type: SEQUENCE SET; Schema: public; Owner: postgres
--

SELECT pg_catalog.setval('public.role_id_role_seq', 7, true);


--
-- Name: site_id_site_seq; Type: SEQUENCE SET; Schema: public; Owner: postgres
--

SELECT pg_catalog.setval('public.site_id_site_seq', 1, true);


--
-- Name: solde_conge_id_solde_seq; Type: SEQUENCE SET; Schema: public; Owner: postgres
--

SELECT pg_catalog.setval('public.solde_conge_id_solde_seq', 1, false);


--
-- Name: system_config_id_config_seq; Type: SEQUENCE SET; Schema: public; Owner: postgres
--

SELECT pg_catalog.setval('public.system_config_id_config_seq', 1, true);


--
-- Name: system_config_id_seq; Type: SEQUENCE SET; Schema: public; Owner: postgres
--

SELECT pg_catalog.setval('public.system_config_id_seq', 1, true);


--
-- Name: tag_id_tag_seq; Type: SEQUENCE SET; Schema: public; Owner: postgres
--

SELECT pg_catalog.setval('public.tag_id_tag_seq', 1, false);


--
-- Name: terminal_id_seq; Type: SEQUENCE SET; Schema: public; Owner: postgres
--

SELECT pg_catalog.setval('public.terminal_id_seq', 1, false);


--
-- Name: ticket_rh_id_ticket_seq; Type: SEQUENCE SET; Schema: public; Owner: postgres
--

SELECT pg_catalog.setval('public.ticket_rh_id_ticket_seq', 1, false);


--
-- Name: type_conge_id_type_conge_seq; Type: SEQUENCE SET; Schema: public; Owner: postgres
--

SELECT pg_catalog.setval('public.type_conge_id_type_conge_seq', 22, true);


--
-- Name: utilisateur_id_user_seq; Type: SEQUENCE SET; Schema: public; Owner: postgres
--

SELECT pg_catalog.setval('public.utilisateur_id_user_seq', 40, true);


--
-- Name: workflow_bypass_rule_id_rule_seq; Type: SEQUENCE SET; Schema: public; Owner: postgres
--

SELECT pg_catalog.setval('public.workflow_bypass_rule_id_rule_seq', 1, false);


--
-- Name: workflow_circuit_id_circuit_seq; Type: SEQUENCE SET; Schema: public; Owner: postgres
--

SELECT pg_catalog.setval('public.workflow_circuit_id_circuit_seq', 1, false);


--
-- Name: workflow_definition_id_seq; Type: SEQUENCE SET; Schema: public; Owner: postgres
--

SELECT pg_catalog.setval('public.workflow_definition_id_seq', 1, false);


--
-- Name: workflow_delegation_id_delegation_seq; Type: SEQUENCE SET; Schema: public; Owner: postgres
--

SELECT pg_catalog.setval('public.workflow_delegation_id_delegation_seq', 1, false);


--
-- Name: workflow_etape_id_etape_seq; Type: SEQUENCE SET; Schema: public; Owner: postgres
--

SELECT pg_catalog.setval('public.workflow_etape_id_etape_seq', 1, false);


--
-- Name: workflow_mapping_id_mapping_seq; Type: SEQUENCE SET; Schema: public; Owner: postgres
--

SELECT pg_catalog.setval('public.workflow_mapping_id_mapping_seq', 1, false);


--
-- Name: workflow_step_id_seq; Type: SEQUENCE SET; Schema: public; Owner: postgres
--

SELECT pg_catalog.setval('public.workflow_step_id_seq', 1, false);


--
-- Name: annonce_lecture annonce_lecture_pkey; Type: CONSTRAINT; Schema: public; Owner: postgres
--

ALTER TABLE ONLY public.annonce_lecture
    ADD CONSTRAINT annonce_lecture_pkey PRIMARY KEY (id_lecture);


--
-- Name: annonce annonce_pkey; Type: CONSTRAINT; Schema: public; Owner: postgres
--

ALTER TABLE ONLY public.annonce
    ADD CONSTRAINT annonce_pkey PRIMARY KEY (id_annonce);


--
-- Name: annonce_tag annonce_tag_pkey; Type: CONSTRAINT; Schema: public; Owner: postgres
--

ALTER TABLE ONLY public.annonce_tag
    ADD CONSTRAINT annonce_tag_pkey PRIMARY KEY (id_annonce, id_tag);


--
-- Name: audit_log audit_log_pkey; Type: CONSTRAINT; Schema: public; Owner: postgres
--

ALTER TABLE ONLY public.audit_log
    ADD CONSTRAINT audit_log_pkey PRIMARY KEY (id_log);


--
-- Name: bon_de_sortie bon_de_sortie_pkey; Type: CONSTRAINT; Schema: public; Owner: postgres
--

ALTER TABLE ONLY public.bon_de_sortie
    ADD CONSTRAINT bon_de_sortie_pkey PRIMARY KEY (id);


--
-- Name: bon_sortie bon_sortie_pkey; Type: CONSTRAINT; Schema: public; Owner: postgres
--

ALTER TABLE ONLY public.bon_sortie
    ADD CONSTRAINT bon_sortie_pkey PRIMARY KEY (id_requete);


--
-- Name: bulletin_paie bulletin_paie_pkey; Type: CONSTRAINT; Schema: public; Owner: postgres
--

ALTER TABLE ONLY public.bulletin_paie
    ADD CONSTRAINT bulletin_paie_pkey PRIMARY KEY (id);


--
-- Name: connection_log connection_log_pkey; Type: CONSTRAINT; Schema: public; Owner: postgres
--

ALTER TABLE ONLY public.connection_log
    ADD CONSTRAINT connection_log_pkey PRIMARY KEY (id);


--
-- Name: demande_administrative demande_administrative_pkey; Type: CONSTRAINT; Schema: public; Owner: postgres
--

ALTER TABLE ONLY public.demande_administrative
    ADD CONSTRAINT demande_administrative_pkey PRIMARY KEY (id_requete);


--
-- Name: demande_conge demande_conge_pkey; Type: CONSTRAINT; Schema: public; Owner: postgres
--

ALTER TABLE ONLY public.demande_conge
    ADD CONSTRAINT demande_conge_pkey PRIMARY KEY (id_requete);


--
-- Name: demande_doc demande_doc_pkey; Type: CONSTRAINT; Schema: public; Owner: postgres
--

ALTER TABLE ONLY public.demande_doc
    ADD CONSTRAINT demande_doc_pkey PRIMARY KEY (id_requete);


--
-- Name: demande_document demande_document_pkey; Type: CONSTRAINT; Schema: public; Owner: postgres
--

ALTER TABLE ONLY public.demande_document
    ADD CONSTRAINT demande_document_pkey PRIMARY KEY (id_requete);


--
-- Name: demande_regularisation demande_regularisation_pkey; Type: CONSTRAINT; Schema: public; Owner: postgres
--

ALTER TABLE ONLY public.demande_regularisation
    ADD CONSTRAINT demande_regularisation_pkey PRIMARY KEY (id_requete);


--
-- Name: departement departement_pkey; Type: CONSTRAINT; Schema: public; Owner: postgres
--

ALTER TABLE ONLY public.departement
    ADD CONSTRAINT departement_pkey PRIMARY KEY (id_dept);


--
-- Name: document_entreprise document_entreprise_pkey; Type: CONSTRAINT; Schema: public; Owner: postgres
--

ALTER TABLE ONLY public.document_entreprise
    ADD CONSTRAINT document_entreprise_pkey PRIMARY KEY (id);


--
-- Name: document_template document_template_pkey; Type: CONSTRAINT; Schema: public; Owner: postgres
--

ALTER TABLE ONLY public.document_template
    ADD CONSTRAINT document_template_pkey PRIMARY KEY (id);


--
-- Name: email_config email_config_pkey; Type: CONSTRAINT; Schema: public; Owner: postgres
--

ALTER TABLE ONLY public.email_config
    ADD CONSTRAINT email_config_pkey PRIMARY KEY (id);


--
-- Name: etape_validation etape_validation_pkey; Type: CONSTRAINT; Schema: public; Owner: postgres
--

ALTER TABLE ONLY public.etape_validation
    ADD CONSTRAINT etape_validation_pkey PRIMARY KEY (id_etape);


--
-- Name: fichier_attache fichier_attache_pkey; Type: CONSTRAINT; Schema: public; Owner: postgres
--

ALTER TABLE ONLY public.fichier_attache
    ADD CONSTRAINT fichier_attache_pkey PRIMARY KEY (id_fichier);


--
-- Name: historique_chatbot historique_chatbot_pkey; Type: CONSTRAINT; Schema: public; Owner: postgres
--

ALTER TABLE ONLY public.historique_chatbot
    ADD CONSTRAINT historique_chatbot_pkey PRIMARY KEY (id_chat);


--
-- Name: jour_ferie jour_ferie_pkey; Type: CONSTRAINT; Schema: public; Owner: postgres
--

ALTER TABLE ONLY public.jour_ferie
    ADD CONSTRAINT jour_ferie_pkey PRIMARY KEY (id);


--
-- Name: notification notification_pkey; Type: CONSTRAINT; Schema: public; Owner: postgres
--

ALTER TABLE ONLY public.notification
    ADD CONSTRAINT notification_pkey PRIMARY KEY (id_notification);


--
-- Name: pointage pointage_pkey; Type: CONSTRAINT; Schema: public; Owner: postgres
--

ALTER TABLE ONLY public.pointage
    ADD CONSTRAINT pointage_pkey PRIMARY KEY (id_pointage);


--
-- Name: poste poste_pkey; Type: CONSTRAINT; Schema: public; Owner: postgres
--

ALTER TABLE ONLY public.poste
    ADD CONSTRAINT poste_pkey PRIMARY KEY (id_poste);


--
-- Name: privilege privilege_nom_privilege_key; Type: CONSTRAINT; Schema: public; Owner: postgres
--

ALTER TABLE ONLY public.privilege
    ADD CONSTRAINT privilege_nom_privilege_key UNIQUE (nom_privilege);


--
-- Name: privilege privilege_pkey; Type: CONSTRAINT; Schema: public; Owner: postgres
--

ALTER TABLE ONLY public.privilege
    ADD CONSTRAINT privilege_pkey PRIMARY KEY (id_privilege);


--
-- Name: profil_rh profil_rh_id_user_key; Type: CONSTRAINT; Schema: public; Owner: postgres
--

ALTER TABLE ONLY public.profil_rh
    ADD CONSTRAINT profil_rh_id_user_key UNIQUE (id_user);


--
-- Name: profil_rh profil_rh_pkey; Type: CONSTRAINT; Schema: public; Owner: postgres
--

ALTER TABLE ONLY public.profil_rh
    ADD CONSTRAINT profil_rh_pkey PRIMARY KEY (id_profil);


--
-- Name: requete requete_local_sync_uuid_key; Type: CONSTRAINT; Schema: public; Owner: postgres
--

ALTER TABLE ONLY public.requete
    ADD CONSTRAINT requete_local_sync_uuid_key UNIQUE (local_sync_uuid);


--
-- Name: requete requete_pkey; Type: CONSTRAINT; Schema: public; Owner: postgres
--

ALTER TABLE ONLY public.requete
    ADD CONSTRAINT requete_pkey PRIMARY KEY (id_requete);


--
-- Name: role role_nom_role_key; Type: CONSTRAINT; Schema: public; Owner: postgres
--

ALTER TABLE ONLY public.role
    ADD CONSTRAINT role_nom_role_key UNIQUE (nom_role);


--
-- Name: role role_pkey; Type: CONSTRAINT; Schema: public; Owner: postgres
--

ALTER TABLE ONLY public.role
    ADD CONSTRAINT role_pkey PRIMARY KEY (id_role);


--
-- Name: role_privilege role_privilege_pkey; Type: CONSTRAINT; Schema: public; Owner: postgres
--

ALTER TABLE ONLY public.role_privilege
    ADD CONSTRAINT role_privilege_pkey PRIMARY KEY (id_role, id_privilege);


--
-- Name: site site_pkey; Type: CONSTRAINT; Schema: public; Owner: postgres
--

ALTER TABLE ONLY public.site
    ADD CONSTRAINT site_pkey PRIMARY KEY (id_site);


--
-- Name: solde_conge solde_conge_pkey; Type: CONSTRAINT; Schema: public; Owner: postgres
--

ALTER TABLE ONLY public.solde_conge
    ADD CONSTRAINT solde_conge_pkey PRIMARY KEY (id_solde);


--
-- Name: system_config system_config_pkey; Type: CONSTRAINT; Schema: public; Owner: postgres
--

ALTER TABLE ONLY public.system_config
    ADD CONSTRAINT system_config_pkey PRIMARY KEY (id_config);


--
-- Name: tag tag_nom_tag_key; Type: CONSTRAINT; Schema: public; Owner: postgres
--

ALTER TABLE ONLY public.tag
    ADD CONSTRAINT tag_nom_tag_key UNIQUE (nom_tag);


--
-- Name: tag tag_pkey; Type: CONSTRAINT; Schema: public; Owner: postgres
--

ALTER TABLE ONLY public.tag
    ADD CONSTRAINT tag_pkey PRIMARY KEY (id_tag);


--
-- Name: terminal terminal_pkey; Type: CONSTRAINT; Schema: public; Owner: postgres
--

ALTER TABLE ONLY public.terminal
    ADD CONSTRAINT terminal_pkey PRIMARY KEY (id);


--
-- Name: ticket_rh ticket_rh_pkey; Type: CONSTRAINT; Schema: public; Owner: postgres
--

ALTER TABLE ONLY public.ticket_rh
    ADD CONSTRAINT ticket_rh_pkey PRIMARY KEY (id_ticket);


--
-- Name: type_conge type_conge_pkey; Type: CONSTRAINT; Schema: public; Owner: postgres
--

ALTER TABLE ONLY public.type_conge
    ADD CONSTRAINT type_conge_pkey PRIMARY KEY (id_type_conge);


--
-- Name: bon_de_sortie uk4luxvmuaxlutuoxbi97fowcfu; Type: CONSTRAINT; Schema: public; Owner: postgres
--

ALTER TABLE ONLY public.bon_de_sortie
    ADD CONSTRAINT uk4luxvmuaxlutuoxbi97fowcfu UNIQUE (token_qr);


--
-- Name: type_conge uk537amcf459jknroxrdhew9j1q; Type: CONSTRAINT; Schema: public; Owner: postgres
--

ALTER TABLE ONLY public.type_conge
    ADD CONSTRAINT uk537amcf459jknroxrdhew9j1q UNIQUE (nom);


--
-- Name: terminal ukfhngeu3vlq6brknn700ymodx9; Type: CONSTRAINT; Schema: public; Owner: postgres
--

ALTER TABLE ONLY public.terminal
    ADD CONSTRAINT ukfhngeu3vlq6brknn700ymodx9 UNIQUE (terminal_id);


--
-- Name: workflow_mapping ukoq5hy9i1ukhuptagmj01e4kbx; Type: CONSTRAINT; Schema: public; Owner: postgres
--

ALTER TABLE ONLY public.workflow_mapping
    ADD CONSTRAINT ukoq5hy9i1ukhuptagmj01e4kbx UNIQUE (type_requete);


--
-- Name: workflow_definition ukvk8821st6gdrwa5iw3dojcg; Type: CONSTRAINT; Schema: public; Owner: postgres
--

ALTER TABLE ONLY public.workflow_definition
    ADD CONSTRAINT ukvk8821st6gdrwa5iw3dojcg UNIQUE (type_requete);


--
-- Name: utilisateur utilisateur_email_key; Type: CONSTRAINT; Schema: public; Owner: postgres
--

ALTER TABLE ONLY public.utilisateur
    ADD CONSTRAINT utilisateur_email_key UNIQUE (email);


--
-- Name: utilisateur utilisateur_matricule_key; Type: CONSTRAINT; Schema: public; Owner: postgres
--

ALTER TABLE ONLY public.utilisateur
    ADD CONSTRAINT utilisateur_matricule_key UNIQUE (matricule);


--
-- Name: utilisateur utilisateur_pkey; Type: CONSTRAINT; Schema: public; Owner: postgres
--

ALTER TABLE ONLY public.utilisateur
    ADD CONSTRAINT utilisateur_pkey PRIMARY KEY (id_user);


--
-- Name: workflow_bypass_rule workflow_bypass_rule_pkey; Type: CONSTRAINT; Schema: public; Owner: postgres
--

ALTER TABLE ONLY public.workflow_bypass_rule
    ADD CONSTRAINT workflow_bypass_rule_pkey PRIMARY KEY (id_rule);


--
-- Name: workflow_circuit workflow_circuit_pkey; Type: CONSTRAINT; Schema: public; Owner: postgres
--

ALTER TABLE ONLY public.workflow_circuit
    ADD CONSTRAINT workflow_circuit_pkey PRIMARY KEY (id_circuit);


--
-- Name: workflow_definition workflow_definition_pkey; Type: CONSTRAINT; Schema: public; Owner: postgres
--

ALTER TABLE ONLY public.workflow_definition
    ADD CONSTRAINT workflow_definition_pkey PRIMARY KEY (id);


--
-- Name: workflow_delegation workflow_delegation_pkey; Type: CONSTRAINT; Schema: public; Owner: postgres
--

ALTER TABLE ONLY public.workflow_delegation
    ADD CONSTRAINT workflow_delegation_pkey PRIMARY KEY (id_delegation);


--
-- Name: workflow_etape workflow_etape_pkey; Type: CONSTRAINT; Schema: public; Owner: postgres
--

ALTER TABLE ONLY public.workflow_etape
    ADD CONSTRAINT workflow_etape_pkey PRIMARY KEY (id_etape);


--
-- Name: workflow_mapping workflow_mapping_pkey; Type: CONSTRAINT; Schema: public; Owner: postgres
--

ALTER TABLE ONLY public.workflow_mapping
    ADD CONSTRAINT workflow_mapping_pkey PRIMARY KEY (id_mapping);


--
-- Name: workflow_step workflow_step_pkey; Type: CONSTRAINT; Schema: public; Owner: postgres
--

ALTER TABLE ONLY public.workflow_step
    ADD CONSTRAINT workflow_step_pkey PRIMARY KEY (id);


--
-- Name: annonce annonce_id_auteur_fkey; Type: FK CONSTRAINT; Schema: public; Owner: postgres
--

ALTER TABLE ONLY public.annonce
    ADD CONSTRAINT annonce_id_auteur_fkey FOREIGN KEY (id_auteur) REFERENCES public.utilisateur(id_user);


--
-- Name: annonce_tag annonce_tag_id_annonce_fkey; Type: FK CONSTRAINT; Schema: public; Owner: postgres
--

ALTER TABLE ONLY public.annonce_tag
    ADD CONSTRAINT annonce_tag_id_annonce_fkey FOREIGN KEY (id_annonce) REFERENCES public.annonce(id_annonce) ON DELETE CASCADE;


--
-- Name: annonce_tag annonce_tag_id_tag_fkey; Type: FK CONSTRAINT; Schema: public; Owner: postgres
--

ALTER TABLE ONLY public.annonce_tag
    ADD CONSTRAINT annonce_tag_id_tag_fkey FOREIGN KEY (id_tag) REFERENCES public.tag(id_tag) ON DELETE CASCADE;


--
-- Name: bon_sortie bon_sortie_id_requete_fkey; Type: FK CONSTRAINT; Schema: public; Owner: postgres
--

ALTER TABLE ONLY public.bon_sortie
    ADD CONSTRAINT bon_sortie_id_requete_fkey FOREIGN KEY (id_requete) REFERENCES public.requete(id_requete) ON DELETE CASCADE;


--
-- Name: demande_conge demande_conge_id_requete_fkey; Type: FK CONSTRAINT; Schema: public; Owner: postgres
--

ALTER TABLE ONLY public.demande_conge
    ADD CONSTRAINT demande_conge_id_requete_fkey FOREIGN KEY (id_requete) REFERENCES public.requete(id_requete) ON DELETE CASCADE;


--
-- Name: demande_conge demande_conge_id_type_conge_fkey; Type: FK CONSTRAINT; Schema: public; Owner: postgres
--

ALTER TABLE ONLY public.demande_conge
    ADD CONSTRAINT demande_conge_id_type_conge_fkey FOREIGN KEY (id_type_conge) REFERENCES public.type_conge(id_type_conge);


--
-- Name: demande_doc demande_doc_id_fichier_genere_fkey; Type: FK CONSTRAINT; Schema: public; Owner: postgres
--

ALTER TABLE ONLY public.demande_doc
    ADD CONSTRAINT demande_doc_id_fichier_genere_fkey FOREIGN KEY (id_fichier_genere) REFERENCES public.fichier_attache(id_fichier);


--
-- Name: demande_doc demande_doc_id_requete_fkey; Type: FK CONSTRAINT; Schema: public; Owner: postgres
--

ALTER TABLE ONLY public.demande_doc
    ADD CONSTRAINT demande_doc_id_requete_fkey FOREIGN KEY (id_requete) REFERENCES public.requete(id_requete) ON DELETE CASCADE;


--
-- Name: etape_validation etape_validation_id_requete_fkey; Type: FK CONSTRAINT; Schema: public; Owner: postgres
--

ALTER TABLE ONLY public.etape_validation
    ADD CONSTRAINT etape_validation_id_requete_fkey FOREIGN KEY (id_requete) REFERENCES public.requete(id_requete) ON DELETE CASCADE;


--
-- Name: etape_validation etape_validation_id_validateur_fkey; Type: FK CONSTRAINT; Schema: public; Owner: postgres
--

ALTER TABLE ONLY public.etape_validation
    ADD CONSTRAINT etape_validation_id_validateur_fkey FOREIGN KEY (id_validateur) REFERENCES public.utilisateur(id_user);


--
-- Name: demande_regularisation fk17u8pxna3vi8y03fasc74rtav; Type: FK CONSTRAINT; Schema: public; Owner: postgres
--

ALTER TABLE ONLY public.demande_regularisation
    ADD CONSTRAINT fk17u8pxna3vi8y03fasc74rtav FOREIGN KEY (id_pointage) REFERENCES public.pointage(id_pointage);


--
-- Name: pointage fk1qhq0j6xmoo41gp76yptr115a; Type: FK CONSTRAINT; Schema: public; Owner: postgres
--

ALTER TABLE ONLY public.pointage
    ADD CONSTRAINT fk1qhq0j6xmoo41gp76yptr115a FOREIGN KEY (id_utilisateur) REFERENCES public.utilisateur(id_user);


--
-- Name: annonce_lecture fk2q7siajfb3wgjkxt3gm4bavd7; Type: FK CONSTRAINT; Schema: public; Owner: postgres
--

ALTER TABLE ONLY public.annonce_lecture
    ADD CONSTRAINT fk2q7siajfb3wgjkxt3gm4bavd7 FOREIGN KEY (id_annonce) REFERENCES public.annonce(id_annonce);


--
-- Name: demande_administrative fk2uhmocxbnsp4gvikhx83202o7; Type: FK CONSTRAINT; Schema: public; Owner: postgres
--

ALTER TABLE ONLY public.demande_administrative
    ADD CONSTRAINT fk2uhmocxbnsp4gvikhx83202o7 FOREIGN KEY (id_requete) REFERENCES public.requete(id_requete);


--
-- Name: demande_document fk38pd2mx5q70rp0pd77w6qee9l; Type: FK CONSTRAINT; Schema: public; Owner: postgres
--

ALTER TABLE ONLY public.demande_document
    ADD CONSTRAINT fk38pd2mx5q70rp0pd77w6qee9l FOREIGN KEY (id_requete) REFERENCES public.requete(id_requete);


--
-- Name: workflow_etape fk4f2aa0lnn8w3hdulq7inn1wf3; Type: FK CONSTRAINT; Schema: public; Owner: postgres
--

ALTER TABLE ONLY public.workflow_etape
    ADD CONSTRAINT fk4f2aa0lnn8w3hdulq7inn1wf3 FOREIGN KEY (id_circuit) REFERENCES public.workflow_circuit(id_circuit);


--
-- Name: poste fk7ugxy4dxy4tk8wcve7poi6cx9; Type: FK CONSTRAINT; Schema: public; Owner: postgres
--

ALTER TABLE ONLY public.poste
    ADD CONSTRAINT fk7ugxy4dxy4tk8wcve7poi6cx9 FOREIGN KEY (id_dept) REFERENCES public.departement(id_dept);


--
-- Name: utilisateur fk9d4xxker4n1srjytxskn0wrjs; Type: FK CONSTRAINT; Schema: public; Owner: postgres
--

ALTER TABLE ONLY public.utilisateur
    ADD CONSTRAINT fk9d4xxker4n1srjytxskn0wrjs FOREIGN KEY (id_site) REFERENCES public.site(id_site);


--
-- Name: demande_regularisation fk9xedcwaaut9koviru06jjar8d; Type: FK CONSTRAINT; Schema: public; Owner: postgres
--

ALTER TABLE ONLY public.demande_regularisation
    ADD CONSTRAINT fk9xedcwaaut9koviru06jjar8d FOREIGN KEY (id_requete) REFERENCES public.requete(id_requete);


--
-- Name: departement fk_dept_manager; Type: FK CONSTRAINT; Schema: public; Owner: postgres
--

ALTER TABLE ONLY public.departement
    ADD CONSTRAINT fk_dept_manager FOREIGN KEY (id_manager) REFERENCES public.utilisateur(id_user);


--
-- Name: workflow_delegation fkbg8vox810d26u4e1u4772a9wc; Type: FK CONSTRAINT; Schema: public; Owner: postgres
--

ALTER TABLE ONLY public.workflow_delegation
    ADD CONSTRAINT fkbg8vox810d26u4e1u4772a9wc FOREIGN KEY (id_titulaire) REFERENCES public.utilisateur(id_user);


--
-- Name: annonce_lecture fkdstxt2aonobqfki38hhwlk8ps; Type: FK CONSTRAINT; Schema: public; Owner: postgres
--

ALTER TABLE ONLY public.annonce_lecture
    ADD CONSTRAINT fkdstxt2aonobqfki38hhwlk8ps FOREIGN KEY (id_utilisateur) REFERENCES public.utilisateur(id_user);


--
-- Name: workflow_delegation fkf2hhx47dtcgqvs1toyk8j2178; Type: FK CONSTRAINT; Schema: public; Owner: postgres
--

ALTER TABLE ONLY public.workflow_delegation
    ADD CONSTRAINT fkf2hhx47dtcgqvs1toyk8j2178 FOREIGN KEY (id_delegue) REFERENCES public.utilisateur(id_user);


--
-- Name: utilisateur fkf6d1nism3xuudu3qsw915ebwj; Type: FK CONSTRAINT; Schema: public; Owner: postgres
--

ALTER TABLE ONLY public.utilisateur
    ADD CONSTRAINT fkf6d1nism3xuudu3qsw915ebwj FOREIGN KEY (id_manager_direct) REFERENCES public.utilisateur(id_user);


--
-- Name: bon_de_sortie fkghnjjk09h76yblj0ylipy5x8b; Type: FK CONSTRAINT; Schema: public; Owner: postgres
--

ALTER TABLE ONLY public.bon_de_sortie
    ADD CONSTRAINT fkghnjjk09h76yblj0ylipy5x8b FOREIGN KEY (demandeur_id) REFERENCES public.utilisateur(id_user);


--
-- Name: workflow_mapping fki4763yql9sa9q3w8qc6viddkg; Type: FK CONSTRAINT; Schema: public; Owner: postgres
--

ALTER TABLE ONLY public.workflow_mapping
    ADD CONSTRAINT fki4763yql9sa9q3w8qc6viddkg FOREIGN KEY (id_circuit) REFERENCES public.workflow_circuit(id_circuit);


--
-- Name: bulletin_paie fkjvxu58xmqjm2odm70kcf5m8q; Type: FK CONSTRAINT; Schema: public; Owner: postgres
--

ALTER TABLE ONLY public.bulletin_paie
    ADD CONSTRAINT fkjvxu58xmqjm2odm70kcf5m8q FOREIGN KEY (id_user) REFERENCES public.utilisateur(id_user);


--
-- Name: terminal fkkh9tj5um5ykvk50b2l2rx8qqb; Type: FK CONSTRAINT; Schema: public; Owner: postgres
--

ALTER TABLE ONLY public.terminal
    ADD CONSTRAINT fkkh9tj5um5ykvk50b2l2rx8qqb FOREIGN KEY (assigned_user_id) REFERENCES public.utilisateur(id_user);


--
-- Name: workflow_step fktd452vp8vp3lj5nftyjbf5y0w; Type: FK CONSTRAINT; Schema: public; Owner: postgres
--

ALTER TABLE ONLY public.workflow_step
    ADD CONSTRAINT fktd452vp8vp3lj5nftyjbf5y0w FOREIGN KEY (id_workflow) REFERENCES public.workflow_definition(id);


--
-- Name: historique_chatbot historique_chatbot_id_user_fkey; Type: FK CONSTRAINT; Schema: public; Owner: postgres
--

ALTER TABLE ONLY public.historique_chatbot
    ADD CONSTRAINT historique_chatbot_id_user_fkey FOREIGN KEY (id_user) REFERENCES public.utilisateur(id_user) ON DELETE CASCADE;


--
-- Name: pointage pointage_id_user_fkey; Type: FK CONSTRAINT; Schema: public; Owner: postgres
--

ALTER TABLE ONLY public.pointage
    ADD CONSTRAINT pointage_id_user_fkey FOREIGN KEY (id_user) REFERENCES public.utilisateur(id_user) ON DELETE CASCADE;


--
-- Name: profil_rh profil_rh_id_dept_fkey; Type: FK CONSTRAINT; Schema: public; Owner: postgres
--

ALTER TABLE ONLY public.profil_rh
    ADD CONSTRAINT profil_rh_id_dept_fkey FOREIGN KEY (id_dept) REFERENCES public.departement(id_dept);


--
-- Name: profil_rh profil_rh_id_poste_fkey; Type: FK CONSTRAINT; Schema: public; Owner: postgres
--

ALTER TABLE ONLY public.profil_rh
    ADD CONSTRAINT profil_rh_id_poste_fkey FOREIGN KEY (id_poste) REFERENCES public.poste(id_poste);


--
-- Name: profil_rh profil_rh_id_user_fkey; Type: FK CONSTRAINT; Schema: public; Owner: postgres
--

ALTER TABLE ONLY public.profil_rh
    ADD CONSTRAINT profil_rh_id_user_fkey FOREIGN KEY (id_user) REFERENCES public.utilisateur(id_user) ON DELETE CASCADE;


--
-- Name: requete requete_id_user_fkey; Type: FK CONSTRAINT; Schema: public; Owner: postgres
--

ALTER TABLE ONLY public.requete
    ADD CONSTRAINT requete_id_user_fkey FOREIGN KEY (id_user) REFERENCES public.utilisateur(id_user) ON DELETE CASCADE;


--
-- Name: role_privilege role_privilege_id_privilege_fkey; Type: FK CONSTRAINT; Schema: public; Owner: postgres
--

ALTER TABLE ONLY public.role_privilege
    ADD CONSTRAINT role_privilege_id_privilege_fkey FOREIGN KEY (id_privilege) REFERENCES public.privilege(id_privilege) ON DELETE CASCADE;


--
-- Name: role_privilege role_privilege_id_role_fkey; Type: FK CONSTRAINT; Schema: public; Owner: postgres
--

ALTER TABLE ONLY public.role_privilege
    ADD CONSTRAINT role_privilege_id_role_fkey FOREIGN KEY (id_role) REFERENCES public.role(id_role) ON DELETE CASCADE;


--
-- Name: solde_conge solde_conge_id_type_conge_fkey; Type: FK CONSTRAINT; Schema: public; Owner: postgres
--

ALTER TABLE ONLY public.solde_conge
    ADD CONSTRAINT solde_conge_id_type_conge_fkey FOREIGN KEY (id_type_conge) REFERENCES public.type_conge(id_type_conge);


--
-- Name: solde_conge solde_conge_id_user_fkey; Type: FK CONSTRAINT; Schema: public; Owner: postgres
--

ALTER TABLE ONLY public.solde_conge
    ADD CONSTRAINT solde_conge_id_user_fkey FOREIGN KEY (id_user) REFERENCES public.utilisateur(id_user) ON DELETE CASCADE;


--
-- Name: ticket_rh ticket_rh_id_fichier_preuve_fkey; Type: FK CONSTRAINT; Schema: public; Owner: postgres
--

ALTER TABLE ONLY public.ticket_rh
    ADD CONSTRAINT ticket_rh_id_fichier_preuve_fkey FOREIGN KEY (id_fichier_preuve) REFERENCES public.fichier_attache(id_fichier);


--
-- Name: ticket_rh ticket_rh_id_user_fkey; Type: FK CONSTRAINT; Schema: public; Owner: postgres
--

ALTER TABLE ONLY public.ticket_rh
    ADD CONSTRAINT ticket_rh_id_user_fkey FOREIGN KEY (id_user) REFERENCES public.utilisateur(id_user) ON DELETE CASCADE;


--
-- Name: utilisateur utilisateur_id_role_fkey; Type: FK CONSTRAINT; Schema: public; Owner: postgres
--

ALTER TABLE ONLY public.utilisateur
    ADD CONSTRAINT utilisateur_id_role_fkey FOREIGN KEY (id_role) REFERENCES public.role(id_role);


--
-- PostgreSQL database dump complete
--

\unrestrict yg8yceZhcpmJ09eGWtgPaxbHV21LTfzAgwBZmP9CiWFpX2ktbXMuia74Y5FyYlq

